Company Name,Website,Source,Phone Number,Contact Person,Contact Title,Contact Email,Founder Source,All Emails Found
La Salle University Art Museum,https://artcollection.lasalle.edu,OSM (fill),,Online Collections,Team Member,online.collections@artcollection.lasalle.edu,website,artmuseum@lasalle.edu; online.collections@artcollection.lasalle.edu
Whitemarsh Township Police Department,https://www.whitemarshtwp.org/140/Police,OSM (fill),0275272,Whitemarsh Police,owner,whitemarsh.police@whitemarshtwp.org,website,info@whitemarshtwp.org; tforsyth@whitemarshpd.org; whitemarsh.police@whitemarshtwp.org
St. Vincent De Paul Church,https://www.saint-vincent-church.org,OSM (fill),08432238322,Ensemble Choir,Director,ensemble.choir@saint-vincent-church.org,website,emc25sch@gmail.com; ensemble.choir@saint-vincent-church.org
Habitat Coffee House,https://habitat.coffee,OSM (fill),01520153,Aaron Beattie,Founder,aaron.beattie@habitat.coffee,website,info@habitat.coffee; aaron.beattie@habitat.coffee
Fitler Square Farmers Market,https://thefoodtrust.org/farmers-markets/market/fitler-square,OSM (fill),07317073,Farmers Market,partner,farmers@thefoodtrust.org,website,contact@thefoodtrust.org; broguehydrodelivery@gmail.com; farmersmarket@thefoodtrust.org; farmers@thefoodtrust.org
Rittenhouse Market,https://rittenhousemarkets.com,OSM (fill),0732265476,,,info@rittenhousemarket.com,none,info@rittenhousemarket.com; info@rittenhousemarkets.com
Lumos Yoga & Barre,https://www.lumosyogaandbarre.com,OSM (fill),01291641321442514,Parrish Street,partner,parrish.street@lumosyogaandbarre.com,website,info@lumosfitness.com; parrish.street@lumosyogaandbarre.com
Action Karate Northern Liberties,https://actionkarate.net/locations/northern-liberties,OSM (fill),0250520,Action Karate,cto,action@actionkarate.net,website,info@actionplymouth.com; teamdinoto@gmail.com; actioncherryhill@gmail.com; actiondrexelhill@gmail.com; actionfairmount@gmail.com; actionfountainville@gmail.com; actionhv@verizon.net; actionjamison@gmail.com; actionkaratebethlehem@gmail.com; actionkarateco@gmail.com; actionkaratefairlesshills@gmail.com; actionkaratefl@gmail.com; actionkaratehamilton@gmail.com; actionkaratehorsham@gmail.com; actionkaratelebanon@gmail.com; actionkaratemtairy@gmail.com; actionkaratephillipsburg@gmail.com; actionkaratephoenixville@gmail.com; actionkaratetelford@gmail.com; actionkaratevoorhees@gmail.com; actionkaratewc@gmail.com; actionkaratewhitehall@gmail.com; actionmainline@gmail.com; actionmanayunk@gmail.com; actionnewtownpa@gmail.com; actionnorthernliberties@gmail.com; actionnorthwales@gmail.com; actionpw@gmail.com; actionqtown@gmail.com; actionskippack@gmail.com; akcinnaminson@gmail.com; aknazareth@gmail.com; akroyersford@gmail.com; aksouthphilly@gmail.com; chalfont@actionkarate.net; chalfontak@gmail.com; mrsdags.akfeasterville@gmail.com; orelandak@gmail.com; action@actionkarate.net
Rite Aid,https://www.riteaid.com/locations/pa/philadelphia/3601-midvale-avenue.html,OSM (fill),+18632709911,Autoimmune Screen,cto,autoimmune.screen@riteaid.com,website,hello@riteaid.com; autoimmune.screen@riteaid.com
Franklin Mint Federal Credit Union,https://www.fmfcu.org,OSM (fill),0860853,Consumer Credit,partner,consumer@fmfcu.org,website,relationshipmanagers@fmfcu.org; retentionsolutionsemailgroup@fmfcu.org; consumer@fmfcu.org
Berean Institute Technology & Technical Center,https://ptt.edu,OSM,0260725,Donald Jackson,partner,donald.jackson@ptt.edu,website,info@ptt.edu; donald.jackson@ptt.edu
P'unk Ave,https://punkave.com,OSM,0260716,,,connect@yesandagency.com,none,connect@yesandagency.com
SHARE Food Program,https://sharefoodprogram.org,OSM (fill),0260710,Give Now,Partner,give@sharefoodprogram.org,website,gmatysik@sharefoodprogram.org; jbautista@sharefoodprogram.org; give@sharefoodprogram.org
BCC Interactive,https://www.bccinteractive.com,OSM,0260625,Elevate Your,CEO,elevate@bccinteractive.com,website,cory@bccinteractive.com; elevate@bccinteractive.com
Architectural Antiques Exchange,https://www.architecturalantiques.com,OSM (fill),01020103,Brooks Brothers,cto,brooks.brothers@architecturalantiques.com,website,antiquebars@gmail.com; brooks.brothers@architecturalantiques.com
Salus University,https://www.salus.edu,OSM (fill),02869576,Admissions Staff,Partner,admissions.staff@salus.edu,website,accredit@theacoe.org; salus_admissions@drexel.edu; admissions.staff@salus.edu
Salvation Army - KROC,https://easternusa.salvationarmy.org/philadelphia-kroc,OSM (fill),08111791845120179192,Never Miss,Team Member,never.miss@easternusa.salvationarmy.org,website,phillykrocinfo@use.salvationarmy.org; never.miss@easternusa.salvationarmy.org
Nehemiah Tabernacle Inc,https://www.nehemiahtabernacle.org,OSM (fill),0223641,Day Sunday,Founder,day.sunday@nehemiahtabernacle.org,website,churchcommunity@gmail.com; day.sunday@nehemiahtabernacle.org
Germantown Ave. Crisis Ministry,https://www.crisisministry.org,OSM (fill),01020103,Eileen Jones,Director,eileen@crisisministry.org,website,info@crisisministry.org; ayoungblood@crisisministry.org; bjones@crisisministry.org; dmorgridge@crisisministry.org; help@crisisministry.org; jpodraza@crisisministry.org; rbernstein@crisisministry.org; sdrummond@crisisministry.org; eileen@crisisministry.org
"Iroko Pharmaceuticals, LLC",https://www.iroko.com,OSM (fill),0550876,Fondateur Pierre-Antoine,Directeur général,fondateur.pierre-antoine@iroko.com,website,contact-iberia@iroko.eu; contact@iroko.eu; ayrton.lucas@iroko.eu; back-office@iroko.eu; charles-edouard.pauly@iroko.eu; enzo.rocca@iroko.eu; julien.tour@gmail.com; thibault@iroko.eu; fondateur.pierre-antoine@iroko.com
Little Susie's Coffee & Pie,https://www.littlesusies.com,OSM (fill),0260325,,,catering@littlesusies.com,none,catering@littlesusies.com; hi@mystore.com; littlesusies.phl@gmail.com
Greater Philadelphia Asian Social Services,https://www.gpasspa.org,OSM (fill),070068844,Counseling Budgeting,owner,counseling.budgeting@gpasspa.org,website,info@ndiscovered.com; counseling.budgeting@gpasspa.org
DaVita Dialysis,https://www.davita.com/locations/pa/philadelphia/3020-market-st--5033,OSM (fill),04246589,Fulfillment We,owner,fulfillment@davita.com,website,independentchair@davita.com; fulfillment@davita.com
St. Vincent De Paul (Face to Face),https://facetofacegermantown.org,OSM (fill),0384615385,Board Of,Director,board@facetofacegermantown.org,website,ally@facetofacegermantown.org; jeanne@facetofacegermantown.org; board@facetofacegermantown.org
Sacred Heart Home,https://sacredheartphila.org,OSM (fill),0240311,,,superiorgeneral@hawthorne-dominicans.org,none,superiorgeneral@hawthorne-dominicans.org
Britton Industries,https://brittonindustries.com,OSM (fill),0260120,Patrick Flannery,Founder,patrick.flannery@brittonindustries.com,website,info@brittonindustries.com; patrick.flannery@brittonindustries.com
Penn Capital Management,https://www.penncapital.com,OSM (fill),0721650,Penn Capital,Partner,penn.capital@penncapital.com,website,media@penncapital.com; penn.capital@penncapital.com
UHP Wireless Networks,http://www.uhpwireless.com,OSM,0210625,Co-Founder Jonathan,Co-Founder,co-founder@uhpwireless.com,website,sales@uhpwireless.com; solutions@uhpwireless.com; co-founder@uhpwireless.com
F1 Arcade,https://f1arcade.com/us/philadelphia,OSM (fill),0850457,Qs Press,Partner,qs@f1arcade.com,website,support@f1arcade.com; atlanta.bookings@f1arcade.com; bostonbookings@f1arcade.com; chicago.bookings@f1arcade.com; dc.bookings@f1arcade.com; dcbookings@f1arcade.com; denver.bookings@f1arcade.com; events@f1arcade.com; philly.bookings@f1arcade.com; press@f1arcade.com; privacy@f1arcade.com; vegas.bookings@f1arcade.com; qs@f1arcade.com
New Life Community Church,https://www.newlifehv.org,OSM (fill),054936319,Bill Murray,Director,bill.murray@newlifehv.org,website,office@newlifehv.com; bill.murray@newlifehv.org
"Club Quarters Hotel Rittenhouse Square, Philadelphia",https://clubquartershotels.com/philadelphia,OSM (fill),0241010,New York,Team Member,new.york@clubquartershotels.com,website,guestservices@clubquarters.com; u003eguestservices@clubquarters.com; new.york@clubquartershotels.com
City Fitness,https://cityfitness.com/old-city-club,OSM (fill),0100101,Health Clubs,CEO,health@cityfitness.com,website,eastmarket@cityfitness.com; eastpassyunk@cityfitness.com; fairmount@cityfitness.com; fishtown@cityfitness.com; graduatehospital@cityfitness.com; logansquare@cityfitness.com; northernliberties@cityfitness.com; oldcity@cityfitness.com; press@cityfitness.com; health@cityfitness.com
Philabundance,https://www.philabundance.org,OSM (fill),0260522,Board Loree,Chief Executive Officer,board@philabundance.org,website,contactus@philabundance.org; example@gmail.com; media@philabundance.org; pckinfo@philabundance.org; pckmeals@philabundance.org; pckrecruitment@philabundance.org; board@philabundance.org
Paulie Gee's Soul City,https://pauliegee.com/soul-city,OSM (fill),02312202307,,,jobs@pauliegee.com,none,jobs@pauliegee.com
White Horse Coffee & Creamery,https://www.whitehorsecoffeecreamery.com,OSM (fill),01017184244658717588,Jean Brillman,Founder,jean.brillman@whitehorsecoffeecreamery.com,website,info@whitehorsecoffeeroasters.com; jean.brillman@whitehorsecoffeecreamery.com
St. Peters AAL Food Share,https://www.lutheransonline.com/servlet/lo_ProcServ/dbpage,OSM (fill),0260421,Hunan Football,President,hunan.football@lutheransonline.com,website,cakhiacomtv@gmail.com; hunan.football@lutheransonline.com
Police and Fire Federal Credit Union,https://www.pffcu.org/locations/castor-ave,OSM (fill),0250414,Rosa Treasurer,CEO,rosa@pffcu.org,website,dukej@pffcu.org; girdharryl@pffcu.org; rosa@pffcu.org
Spirit of Enterprise,https://www.associationforpublicart.org/artwork/the-spirit-of-enterprise,OSM (fill),095876279,American Art,Director,american@associationforpublicart.org,website,apa@associationforpublicart.org; contribution@associationforpublicart.org; american@associationforpublicart.org
Portrait Gallery in the Second Bank,https://www.nps.gov/inde/planyourvisit/secondbankportraitgallery.htm,OSM (fill),0230112,Google Display,partner,google_display@nps.gov,website,inde_permits@nps.gov; google_display@nps.gov
Element 84,https://www.element84.com,OSM (fill),0260731,Climate Unit,Director,climate@element84.com,website,careers@element84.com; info@element84.com; jobsupport@element84.com; security@element84.com; climate@element84.com
Kite and Key,https://www.thekiteandkey.com,OSM (fill),0716037,,,jim@thekiteandkey.com,none,jim@thekiteandkey.com
HipCityVeg,https://hipcityveg.com,OSM (fill),0243999460,Compost City,Team Member,compost.city@hipcityveg.com,website,hello@hipcityveg.com; compost.city@hipcityveg.com
Goodwill,https://www.goodwillnj.org,OSM (fill),04292022,Goodwill Industries,Founder,goodwill.industries@goodwillnj.org,website,juli.lundberg@goodwillnj.org; goodwill.industries@goodwillnj.org
City Hall South,https://www.rideindego.com,OSM (fill),071466134,Better Bike,Partner,better.bike@rideindego.com,website,support@rideindego.com; marketing@rideindego.com; salesinquiry@ikesmartcity.com; better.bike@rideindego.com
Johnson House Historic Site,https://www.johnsonhouse.org,OSM (fill),0250806,Social Advocacy,partner,social.advocacy@johnsonhouse.org,website,info@johnsonhouse.org; social.advocacy@johnsonhouse.org
Prohibition Taproom,http://theprohibitiontaproom.com,OSM (fill),01767769,,,info@theprohibitiontaproom.com,none,info@theprohibitiontaproom.com
Lancaster Bible College | Capital Seminary & Graduate School,https://www.lbc.edu/locations/philadelphia.html,OSM (fill),0737464,Good Shepherd,president,good.shepherd@lbc.edu,website,lancasterbiblecollegeonlineadmissions@msl.lbc.edu; good.shepherd@lbc.edu
Foundation for Individual Rights and Expression,https://www.thefire.org,OSM (fill),025082026,Analysis August,founder,analysis.august@thefire.org,website,fire@fire.org; analysis.august@thefire.org
Crossfit Love,https://crossfitlove.com,OSM (fill),0210727,,,crossfitloveblog@gmail.com,none,crossfitloveblog@gmail.com
Fitz on 4th,https://fitzon4th.com,OSM (fill),0260514,Alison Fitzpatrick,owner,alison.fitzpatrick@fitzon4th.com,website,fitzon4th@gmail.com; alison.fitzpatrick@fitzon4th.com
United Arts,https://unitedgsarts.com,OSM (fill),0230328181643,Google High,owner,google.high@unitedgsarts.com,website,stephen@marketmuscles.com; unitedgsarts@gmail.com; google.high@unitedgsarts.com
Dim Sum House by Jane G's - University City,https://www.dimsum.house,OSM (fill),0301350,Crafted Cocktails,Manager,crafted.cocktails@dimsum.house,website,info@dimsum.house; crafted.cocktails@dimsum.house
Life Time,https://www.lifetime.life/life-time-locations/nj-mount-laurel.html,OSM (fill),0151020,Content Membership,Partner,content.membership@lifetime.life,website,mountlaurel@ltfinc.onmicrosoft.com; content.membership@lifetime.life
CorePower Yoga,https://www.corepoweryoga.com/yoga-studios/pa/philadelphia/walnut-street,OSM (fill),+18334482561,Power Yoga,partner,power@corepoweryoga.com,website,corepoweryoga@azionepr.com; mediainquiries@corepoweryoga.com; partnerships@corepoweryoga.com; power@corepoweryoga.com
Orangetheory Fitness,https://www.orangetheory.com/en-us/locations/pennsylvania/philadelphia/1625-chestnut-street,OSM (fill),0100301,Author Share,partner,author.share@orangetheory.com,website,studiomanager0556@orangetheoryfitness.com; author.share@orangetheory.com
Cinemark University City Penn 6,https://www.cinemark.com/pennsylvania/cinemark-university-city-penn-6,OSM (fill),0260805,,,1109@cinemark.com,none,support@atomtickets.com; 1109@cinemark.com; ads@cinemark.com; email@theatreinfo.cinemark.com; intheatre@ncm.com; investors@cinemark.com; pr@cinemark.com
Fitness Works,https://fitnessworksphiladelphia.com,OSM (fill),021783041,Strength And,partner,strength@fitnessworksphiladelphia.com,website,deana@fitnessworksphiladelphia.com; fitnessworksphiladelphia@gmail.com; strength@fitnessworksphiladelphia.com
Warhorse Barbell Club,https://www.warhorsebarbellclub.com,OSM (fill),01520153,Chris Robert,Co-Founder,chris.robert@warhorsebarbellclub.com,website,info@warhorsebarbellclub.com; chris.robert@warhorsebarbellclub.com
City Fitness Northern Liberties,https://cityfitnessphilly.com,OSM (fill),0100101,Member Feedback,Partner,member.feedback@cityfitnessphilly.com,website,eastmarket@cityfitness.com; eastpassyunk@cityfitness.com; fairmount@cityfitness.com; fishtown@cityfitness.com; graduatehospital@cityfitness.com; logansquare@cityfitness.com; northernliberties@cityfitness.com; oldcity@cityfitness.com; press@cityfitness.com; member.feedback@cityfitnessphilly.com
The Landing Kitchen,https://www.thelandingkitchen.com,OSM (fill),07049645,Fia Berisha,co-founder,fia.berisha@thelandingkitchen.com,website,hello@ironworksevents.net; hello@thelandingkitchen.com; fia.berisha@thelandingkitchen.com
Crunch Fitness,https://www.crunch.com/locations/roosevelt,OSM (fill),0214519,Crunch Gym,Owner,crunch.gym@crunch.com,website,manager@crunchroosevelt.com; crunch.gym@crunch.com
Remix Fitness,https://remix-fitness.com,OSM (fill),094378418220219,Remix Fitness,cto,remix.fitness@remix-fitness.com,website,remixfitnessfrontdesk@gmail.com; remix.fitness@remix-fitness.com
Kingdom Care Reentry Network,https://www.kcrn-online.org,OSM,0182814,,,emcnear@aol.com,none,emcnear@aol.com
Drexel Recreation Center,https://drexel.edu/recathletics,OSM (fill),0240602,Member Promoting,Partner,member@drexel.edu,website,memberships@drexel.edu; reccenter@drexel.edu; member@drexel.edu
Phi Gamma Delta,https://www.phigam.org/UPennFiji,OSM (fill),05444599,Application Give,Director,application@phigam.org,website,phigam@phigam.org; application@phigam.org
8 Limbs Academy,https://8limbsacademy.com,OSM (fill),024099431,Adult Muay,cto,adult.muay@8limbsacademy.com,website,8limbsacademy@gmail.com; adult.muay@8limbsacademy.com
Equilibrium Dance Academy,https://www.equilibriumdanceacademy.com,OSM (fill),094398966,,,equilibriumdanceacademy@gmail.com,none,info@eqdanceacademy.com; equilibriumdanceacademy@gmail.com; spacerentalseda@gmail.com
Goldstar Rehabilitation,https://www.goldstarrehab.com,OSM (fill),0385814,Carney Philadelphia,Founder,carney.philadelphia@goldstarrehab.com,website,info@goldstarrehab.com; carney.philadelphia@goldstarrehab.com
William Way Community Center,https://www.waygay.org,OSM (fill),0783950,Avis Albaladejo,Director,avis@waygay.org,website,info@waygay.org; avis@waygay.org; bskiba@waygay.org; cschoenig@waygay.org; dmclean@waygay.org; emiller@waygay.org; janderies@waygay.org; jfoster@waygay.org; jpomrink@waygay.org; jthurman@waygay.org; kmacklin@waygay.org; pcheeseman@waygay.org; rgilinger@waygay.org; tgreen@waygay.org
McCallum Assisted Life,https://www.mccallumal.com,OSM (fill),070660031,Callum Assisted,Owner,callum@mccallumal.com,website,wkofron@mccallumal.com; callum@mccallumal.com
Southwest Phila Locksmith,https://southwestphilalocksmith.com,OSM (fill),0395213,Beyond Your,Partner,beyond.your@southwestphilalocksmith.com,website,horti1971@comcast.net; beyond.your@southwestphilalocksmith.com
Philadelphia Community Acupuncture,http://phillyacupuncture.com,OSM (fill),0962012,Ellen Vincent,President,ellen.vincent@phillyacupuncture.com,website,camt.airy@gmail.com; pcamt.airy@gmail.com; ellen.vincent@phillyacupuncture.com
Center City Veterinary Hospital,https://www.centercityvet.com,OSM (fill),09756886384,,,info@centercityvet.com,none,info@centercityvet.com
Companion Pet Hospital,https://companion-pets.com,OSM (fill),0100101,Corinne Majeska,manager,corinne@companion-pets.com,website,cph@companion-pets.com; frame@whiskercloud.com; corinne@companion-pets.com
Anytime Fitness,https://www.anytimefitness.com/gyms/4978/philadelphia-pa-19118,OSM (fill),0611448,Benjamin Bell,Owner,benjamin@anytimefitness.com,website,chestnuthillpa@anytimefitness.com; customercare@abcfitness.com; mediainquiries@sebrands.com; member.solutions@sebrands.com; benjamin@anytimefitness.com
Serenity Counseling,https://www.serenity-counseling.org,OSM (fill),093020134,Vanessa Zoog,Owner,vanessa.zoog@serenity-counseling.org,website,hello@serenity-counseling.org; vanessa.zoog@serenity-counseling.org
The Attic Youth Center,https://atticyouthcenter.org,OSM (fill),0260717,Donald Trump,president,donald@atticyouthcenter.org,website,info@atticyouthcenter.org; brysoninstitute@atticyouthcenter.org; counseling@atticyouthcenter.org; development@atticyouthcenter.org; programming@atticyouthcenter.org; summerprogram@atticyouthcenter.org; donald@atticyouthcenter.org
Philadelphia Business & Technology Center,https://philabtc.com,OSM,025388623,,,info@philabtc.com,none,info@philabtc.com
Bartram's Garden Community Boathouse,https://www.bartramsgarden.org/boathouse,OSM (fill),0260804,President Director,CEO,president@bartramsgarden.org,website,info@bartramsgarden.org; development@bartramsgarden.org; eubtna@onegenzftneqra.bet; eunlarf@onegenzftneqra.bet; evirecebtenz@onegenzftneqra.bet; farm@bartramsgarden.org; fcbr@onegenzftneqra.bet; febtref@onegenzftneqra.bet; finance@bartramsgarden.org; fzvgpuryy@onegenzftneqra.bet; gerore@onegenzftneqra.bet; gerrf@onegenzftneqra.bet; ggubznf@onegenzftneqra.bet; jro@onegenzftneqra.bet; lneebj@onegenzftneqra.bet; logistics@bartramsgarden.org; mjroore@onegenzftneqra.bet; ninrav@onegenzftneqra.bet; nqhenag@onegenzftneqra.bet; ocreel@onegenzftneqra.bet; pjvafpury@onegenzftneqra.bet; ponuggbz@onegenzftneqra.bet; puneql@onegenzftneqra.bet; qbzvavdhr@onegenzftneqra.bet; qrirybczrag@onegenzftneqra.bet; riverprogram@bartramsgarden.org; ryxb@onegenzftneqra.bet; rzvyl@onegenzftneqra.bet; snez@onegenzftneqra.bet; svanapr@onegenzftneqra.bet; tgbcnyvqvf@onegenzftneqra.bet; trees@bartramsgarden.org; vasb@onegenzftneqra.bet; wbof@onegenzftneqra.bet; web@bartramsgarden.org; wjvrefxv@onegenzftneqra.bet; xvznav@onegenzftneqra.bet; ybtvfgvpf@onegenzftneqra.bet; yqbofba@onegenzftneqra.bet; ytnyr@onegenzftneqra.bet; zebl@onegenzftneqra.bet; znkeboregf@onegenzftneqra.bet; zxngm@onegenzftneqra.bet; president@bartramsgarden.org
SuitShop,https://suitshop.com/store-philadelphia,OSM (fill),044714068,Prom Professional,Partner,prom.professional@suitshop.com,website,info@suitshop.com; prom.professional@suitshop.com
LA Fitness,https://www.lafitness.com/Pages/clubhome.aspx?clubid=243,OSM (fill),011306302026,,,contactus@fitnessintl.com,none,contactus@fitnessintl.com
Minima,https://www.minima.us,OSM (fill),0568206,Eugenie Perret,Owner,eugenie.perret@minima.us,website,info@minima.us; eugenie.perret@minima.us
Quality of Excellence Hair Designers,https://www.qoebeauty.com,OSM (fill),0838685771718115691,Excellence Hair,founder,excellence.hair@qoebeauty.com,website,info@qoebeauty.com; excellence.hair@qoebeauty.com
Roche Bobois,https://www.roche-bobois.com/en-US/showrooms/philadelphia/s1504.html,OSM (fill),02689970,Argentina Chile,cto,argentina.chile@roche-bobois.com,website,name@domaine.com; argentina.chile@roche-bobois.com
Hotworx,https://www.hotworx.net/studio/philadelphia-grantplaza,OSM (fill),0989967,Competition Authorized,cto,competition.authorized@hotworx.net,website,atlanta.decatur@hotworx.net; batonrouge.highlandatairline@hotworx.net; batonrouge.perkins@hotworx.net; benton@hotworx.net; dallas.skillmanandabrams@hotworx.net; eastmemphis@hotworx.net; fishers@hotworx.net; flowermoundsouth@hotworx.net; gainesville.uf@hotworx.net; germantown@hotworx.net; kasie@hotworx.net; keller@hotworx.net; lakeland@hotworx.net; laurelsprings@hotworx.net; lubbock@hotworx.net; madison@hotworx.net; manager.ab0001@hotworx.net; manager.ab0004@hotworx.net; manager.ak0004@hotworx.net; manager.al0001@hotworx.net; manager.al0002@hotworx.net; manager.al0006@hotworx.net; manager.al0008@hotworx.net; manager.al0009@hotworx.net; manager.al0017@hotworx.net; manager.al0018@hotworx.net; manager.al0020@hotworx.net; manager.al0024@hotworx.net; manager.al0025@hotworx.net; manager.al0026@hotworx.net; manager.al0027@hotworx.net; manager.al0028@hotworx.net; manager.al0029@hotworx.net; manager.al0032@hotworx.net; manager.al0035@hotworx.net; manager.al0036@hotworx.net; manager.al0037@hotworx.net; manager.ar0001@hotworx.net; manager.ar0002@hotworx.net; manager.ar0003@hotworx.net; manager.ar0004@hotworx.net; manager.ar0005@hotworx.net; manager.ar0008@hotworx.net; manager.ar0009@hotworx.net; manager.ar0010@hotworx.net; manager.ar0011@gmail.com; manager.ar0014@hotworx.net; manager.ar0020@hotworx.net; manager.ar0021@hotworx.net; manager.atlanta.decatur@hotworx.net; manager.az0010@hotworx.net; manager.az0012@hotworx.net; manager.az0013@hotworx.net; manager.az0014@hotworx.net; manager.az0017@hotworx.net; manager.az0018@hotworx.net; manager.az0021@hotworx.net; manager.az0026@hotworx.net; manager.az0028@hotworx.net; manager.az0032@hotworx.net; manager.az0035@hotworx.net; manager.az0039@hotworx.net; manager.az0045@hotworx.net; manager.az0047@hotworx.net; manager.az0048@hotworx.net; manager.az0050@hotworx.net; manager.batonrouge.highlandatairline@hotworx.net; manager.batonrouge@hotworx.net; manager.ca0002@hotworx.net; manager.ca0010@hotworx.net; manager.ca0024@hotworx.net; manager.ca0025@hotworx.net; manager.ca0030@hotworx.net; manager.ca0036@hotworx.net; manager.ca0038@hotworx.net; manager.ca0039@hotworx.net; manager.ca0040@hotworx.net; manager.ca0043@hotworx.net; manager.ca0048@hotworx.net; manager.ca0050@hotworx.net; manager.ca0053@hotworx.net; manager.ca0054@hotworx.net; manager.ca0055@hotworx.net; manager.ca0057@hotworx.net; manager.ca0059@hotworx.net; manager.ca0060@hotworx.net; manager.ca0062@hotworx.net; manager.ca0066@hotworx.net; manager.ca0067@hotworx.net; manager.ca0068@hotworx.net; manager.ca0069@hotworx.net; manager.ca0071@hotworx.net; manager.ca0076@hotworx.net; manager.ca0078@hotworx.net; manager.ca0079@hotworx.net; manager.ca0080@hotworx.net; manager.ca0085@hotworx.net; manager.ca0090@hotworx.net; manager.ca0093@hotworx.net; manager.ca0094@hotworx.net; manager.ca0095@hotworx.net; manager.ca0099@hotworx.net; manager.ca0102@hotworx.net; manager.ca0106@hotworx.net; manager.ca0109@hotworx.net; manager.ca0113@hotworx.net; manager.ca0116@hotworx.net; manager.ca0120@hotworx.net; manager.ca0127@hotworx.net; manager.ca0128@hotworx.net; manager.ca0134@hotworx.net; manager.ca0140@hotworx.net; manager.ca0141@hotworx.net; manager.ca0142@hotworx.net; manager.ca0144@hotworx.net; manager.ca0147@hotworx.net; manager.ca0148@hotworx.net; manager.ca0152@hotworx.net; manager.ca0153@hotworx.net; manager.co0003@hotworx.net; manager.co0006@hotworx.net; manager.co0007@hotworx.net; manager.co0010@hotworx.net; manager.co0014@hotworx.net; manager.co0017@hotworx.net; manager.co0023@hotworx.net; manager.co0024@hotworx.net; manager.co0027@hotworx.net; manager.co0029@hotworx.net; manager.co0032@hotworx.net; manager.co0033@hotworx.net; manager.co0036@hotworx.net; manager.co0037@hotworx.net; manager.co0047@hotworx.net; manager.co0048@hotworx.net; manager.co0051@hotworx.net; manager.co0054@hotworx.net; manager.co0055@hotworx.net; manager.co0057@hotworx.net; manager.co0058@hotworx.net; manager.co0059@hotworx.net; manager.co0062@hotworx.net; manager.co0063@hotworx.net; manager.co0065@hotworx.net; manager.co0066@hotworx.net; manager.ct0002@hotwotx.net; manager.dallas.skillmanandabrams@hotworx.net; manager.de0001@hotworx.net; manager.eastmemphis@hotworx.net; manager.fl0001@hotworx.net; manager.fl0006@hotworx.net; manager.fl0010@hotworx.net; manager.fl0011@hotworx.net; manager.fl0012@hotworx.net; manager.fl0013@hotworx.net; manager.fl0016@hotworx.net; manager.fl0021@hotworx.net; manager.fl0025@hotworx.net; manager.fl0026@hotworx.net; manager.fl0027@hotworx.net; manager.fl0028@hotworx.net; manager.fl0030@hotworx.net; manager.fl0033@hotworx.net; manager.fl0034@hotworx.net; manager.fl0038@hotworx.net; manager.fl0039@hotworx.net; manager.fl0048@hotworx.net; manager.fl0052@hotworx.net; manager.fl0057@hotworx.net; manager.fl0062@hotworx.net; manager.fl0063@hotworx.net; manager.fl0069@hotworx.net; manager.fl0078@hotworx.net; manager.fl0079@hotworx.net; manager.fl0080@hotworx.net; manager.fl0085@hotworx.net; manager.fl0086@hotworx.net; manager.fl0088@hotworx.net; manager.fl0089@hotworx.net; manager.fl0094@hotworx.net; manager.fl0099@hotworx.net; manager.fl0101@hotworx.net; manager.fl0105@hotworx.net; manager.fl0111@hotworx.net; manager.fl0112@hotworx.net; manager.fl0113@hotworx.net; manager.fl0116@hotworx.net; manager.fl0117@hotworx.net; manager.fl0118@hotworx.net; manager.fl0121@hotworx.net; manager.fl0125@hotworx.net; manager.fl0128@hotworx.net; manager.fl0131@hotworx.net; manager.fl0134@hotworx.net; manager.fl0135@hotworx.net; manager.fl0140@hotworx.net; manager.fl0143@hotworx.net; manager.fl0147@hotworx.net; manager.fl0150@hotworx.net; manager.fl0151@hotworx.net; manager.fl0154@hotworx.net; manager.fl0162@hotworx.net; manager.fl0166@hotworx.net; manager.fl0169@hotworx.net; manager.fl0170@hotworx.net; manager.fl0172@hotworx.net; manager.fl0173@hotworx.net; manager.fl0174@hotworx.net; manager.fl0181@hotworx.net; manager.fl0182@hotworx.net; manager.fl0185@hotworx.net; manager.fl0187@hotworx.net; manager.fl0191@hotworx.net; manager.fl0195@hotworx.net; manager.fl0197@hotworx.net; manager.fl0201@hotworx.net; manager.fl0203@hotworx.net; manager.ga0002@hotworx.net; manager.ga0003@hotworx.net; manager.ga0005@hotworx.net; manager.ga0011@hotworx.net; manager.ga0015@hotworx.net; manager.ga0016@hotworx.net; manager.ga0018@hotworx.net; manager.ga0021@hotworx.net; manager.ga0022@hotworx.net; manager.ga0024@hotworx.net; manager.ga0025@hotworx.net; manager.ga0026@hotworx.net; manager.ga0034@hotworx.net; manager.ga0035@hotworx.net; manager.ga0036@hotworx.net; manager.ga0037@hotworx.net; manager.ga0038@hotworx.net; manager.ga0040@hotworx.net; manager.ga0044@hotworx.net; manager.ga0052@hotworx.net; manager.ga0053@hotworx.net; manager.ga0056@hotworx.net; manager.ga0059@hotworx.net; manager.ga0060@hotworx.net; manager.ga0064@hotworx.net; manager.ga0065@hotworx.net; manager.ga0067@hotworx.net; manager.ga0070@hotworx.net; manager.ga0075@hotworx.net; manager.ga0077@hotworx.net; manager.ga0078@hotworx.net; manager.ga0079@hotworx.net; manager.ga0082@hotworx.net; manager.ga0084@hotworx.net; manager.ga0087@hotworx.net; manager.ga0088@hotworx.net; manager.ga0089@hotworx.net; manager.ga0095@hotworx.net; manager.ga0098@hotworx.net; manager.ga0099@hotworx.net; manager.ga0102@hotworx.net; manager.gainesville.uf@hotworx.net; manager.ia0001@hotworx.net; manager.ia0002@hotworx.net; manager.ia0003@hotworx.net; manager.ia0004@hotworx.net; manager.ia0006@hotworx.net; manager.ia0007@hotworx.net; manager.ia0008@hotworx.net; manager.ia0010@hotworx.net; manager.ia0012@hotworx.net; manager.ia0013@hotworx.net; manager.ia0015@hotworx.net; manager.ia0016@hotworx.net; manager.ia0019@hotworx.net; manager.ia0021@hotworx.net; manager.ia0023@hotworx.net; manager.ia0024@hotworx.net; manager.ia0025@hotworx.net; manager.ia0030@hotworx.net; manager.id0003@hotworx.net; manager.id0004@hotworx.net; manager.id0009@hotworx.net; manager.id0010@hotworx.net; manager.id0013@hotworx.net; manager.id0015@hotworx.net; manager.id0016@hotworx.net; manager.ie0001@hotworx.net; manager.il0002@hotworx.net; manager.il0006@hotworx.net; manager.il0007@hotworx.net; manager.il0008@hotworx.net; manager.il0014@hotworx.net; manager.il0015@hotworx.net; manager.il0018@hotworx.net; manager.il0019@hotworx.net; manager.il0022@hotworx.net; manager.il0025@hotworx.net; manager.il0028@hotworx.net; manager.il0029@hotworx.net; manager.il0031@hotworx.net; manager.il0032@hotworx.net; manager.il0033@hotworx.net; manager.il0035@hotworx.net; manager.il0036@hotworx.net; manager.il0039@hotworx.net; manager.il0040@hotworx.net; manager.il0042@hotworx.net; manager.il0044@hotworx.net; manager.il0045@hotworx.net; manager.il0047@hotworx.net; manager.il0050@hotworx.net; manager.il0051@hotworx.net; manager.il0053@hotworx.net; manager.il0054@hotworx.net; manager.il0065@hotworx.net; manager.in0002@hotworx.net; manager.in0004@hotworx.net; manager.in0005@hotworx.net; manager.in0006@hotworx.net; manager.in0009@hotworx.net; manager.in0012@hotworx.net; manager.in0013@hotworx.net; manager.in0016@hotworx.net; manager.in0017@hotworx.net; manager.in0018@hotworx.net; manager.in0022@hotworx.net; manager.in0023@hotworx.net; manager.in0026@hotworx.net; manager.in0027@hotworx.net; manager.in0029@hotworx.net; manager.in0031@hotworx.net; manager.keller@hotworx.net; manager.ks0002@hotworx.net; manager.ks0003@hotworx.net; manager.ks0005@hotworx.net; manager.ks0006@hotworx.net; manager.ks0007@hotworx.net; manager.ks0009@hotworx.net; manager.ks0010@hotworx.net; manager.ks0011@hotworx.net; manager.ks0012@hotworx.net; manager.ks0015@hotworx.net; manager.ky0002@hotworx.net; manager.ky0004@hotworx.net; manager.ky0006@hotworx.net; manager.ky0010@hotworx.net; manager.ky0013@hotworx.net; manager.ky0014@hotworx.net; manager.ky0017@hotworx.net; manager.ky0019@hotworx.net; manager.ky0021@hotworx.net; manager.ky0022@hotworx.net; manager.la0002@hotworx.net; manager.la0005@hotworx.net; manager.la0006@hotworx.net; manager.la0008@hotworx.net; manager.la0009@hotworx.net; manager.la0010@hotworx.net; manager.la0012@hotworx.net; manager.la0013@hotworx.net; manager.la0014@hotworx.net; manager.la0015@hotworx.net; manager.la0019@hotworx.net; manager.la0020@hotworx.net; manager.la0021@hotworx.net; manager.la0023@hotworx.net; manager.la0024@hotworx.net; manager.la0026@hotworx.net; manager.la0033@hotworx.net; manager.la0034@hotworx.net; manager.la0035@hotworx.net; manager.la0036@hotworx.net; manager.la0037@hotworx.net; manager.la0038@hotworx.net; manager.la0039@hotworx.net; manager.la0040@hotworx.net; manager.la0044@hotworx.net; manager.la0045@hotworx.net; manager.la0046@hotworx.net; manager.la0047@hotworx.net; manager.la0048@hotworx.net; manager.la0049@hotworx.net; manager.lakeland@hotworx.net; manager.lubbock@hotworx.net; manager.ma0001@hotworx.net; manager.ma0003@hotworx.net; manager.ma0004@hotworx.net; manager.ma0005@hotworx.net; manager.ma0006@hotworx.net; manager.ma0007@hotworx.net; manager.ma0012@hotworx.net; manager.ma0013@hotworx.net; manager.madison@hotworx.net; manager.md0001@hotworx.net; manager.md0002@hotworx.net; manager.md0006@hotworx.net; manager.md0007@hotworx.net; manager.md0010@hotworx.net; manager.md0011@hotworx.net; manager.md0014@hotworx.net; manager.me0001@hotworx.net; manager.mi0001@hotworx.net; manager.mi0002@hotworx.net; manager.mi0010@hotworx.net; manager.mi0011@hotworx.net; manager.mi0015@hotworx.net; manager.mi0016@hotworx.net; manager.mi0017@hotworx.net; manager.mi0020@hotworx.net; manager.mi0021@hotworx.net; manager.mi0022@hotworx.net; manager.mi0023@hotworx.net; manager.mi0030@hotworx.net; manager.mi0032@hotworx.net; manager.mi0035@hotworx.net; manager.mi0038@horworx.net; manager.miami.dadeland@hotworx.net; manager.mn0001@hotworx.net; manager.mn0004@hotworx.net; manager.mn0006@hotworx.net; manager.mn0009@hotworx.net; manager.mn0012@hotworx.net; manager.mn0018@hotworx.net; manager.mn0019@hotworx.net; manager.mn0022@hotworx.net; manager.mn0024@hotworx.net; manager.mn0025@hotworx.net; manager.mn0026@hotworx.net; manager.mn0032@hotworx.net; manager.mn0034@hotworx.net; manager.mo0001@hotworx.net; manager.mo0002@hotworx.net; manager.mo0004@hotworx.net; manager.mo0007@hotworx.net; manager.mo0014@hotworx.net; manager.mo0015@hotworx.net; manager.mo0017@hotworx.net; manager.mo0018@hotworx.net; manager.mo0019@hotworx.net; manager.mo0020@hotworx.net; manager.mo0021@hotworx.net; manager.mo0025@hotworx.net; manager.mo0027@hotworx.net; manager.mo0030@hotworx.net; manager.mo0036@hotworx.net; manager.mo0037@hotworx.net; manager.mo0038@hotworx.net; manager.mo0043@hotworx.net; manager.mo0045@hotworx.net; manager.ms0001@hotworx.net; manager.ms0004@hotworx.net; manager.ms0007@hotworx.net; manager.ms0010@hotworx.net; manager.ms0012@hotworx.net; manager.ms0014@hotworx.net; manager.ms0015@hotworx.net; manager.ms0016@hotworx.net; manager.ms0018@hotworx.net; manager.ms0019@hotworx.net; manager.ms0020@hotworx.net; manager.ms0021@hotworx.net; manager.ms0022@hotworx.net; manager.mt0001@hotworx.net; manager.mt0003@hotworx.net; manager.mt0006@hotworx.net; manager.nc0003@hotworx.net; manager.nc0005@hotworx.net; manager.nc0007@hotworx.net; manager.nc0008@hotworx.net; manager.nc0009@hotworx.net; manager.nc0010@hotworx.net; manager.nc0015@hotworx.net; manager.nc0016@hotworx.net; manager.nc0017@hotworx.net; manager.nc0019@hotworx.net; manager.nc0021@hotworx.net; manager.nc0022@hotworx.net; manager.nc0023@hotworx.net; manager.nc0026@hotworx.net; manager.nc0029@hotworx.net; manager.nc0030@hotworx.net; manager.nc0031@hotworx.net; manager.nc0032@hotworx.net; manager.nc0035@hotworx.net; manager.nc0038@hotworx.net; manager.nc0043@hotworx.net; manager.nc0044@hotworx.net; manager.nc0045@hotworx.net; manager.nc0050@hotworx.net; manager.nc0051@hotworx.net; manager.nc0053@hotworx.net; manager.nc0057@hotworx.net; manager.nc0059@hotworx.net; manager.nc0067@hotworx.net; manager.nc0069@hotworx.net; manager.nc0070@hotworx.net; manager.nd0001@hotworx.net; manager.nd0002@hotworx.net; manager.nd0003@hotworx.net; manager.nd0006@hotworx.net; manager.ne0001@hotworx.net; manager.ne0002@hotworx.net; manager.ne0003@hotworx.net; manager.ne0004@hotworx.net; manager.ne0005@hotworx.net; manager.ne0006@hotworx.net; manager.ne0007@hotworx.net; manager.ne0009@hotworx.net; manager.ne0010@hotworx.net; manager.ne0012@hotworx.net; manager.ne0013@hotworx.net; manager.ne0015@hotworx.net; manager.ne0018@hotworx.net; manager.ne0019@hotworx.net; manager.ne0020@hotworx.net; manager.ne0021@hotworx.net; manager.ne0022@hotworx.net; manager.ne0023@hotworx.net; manager.nh0001@hotworx.net; manager.nh0004@hotworx.net; manager.nh0005@hotworx.net; manager.nh0007@hotworx.net; manager.nh0008@hotworx.net; manager.nh0012@hotworx.net; manager.nh0013@hotworx.net; manager.nh0017@hotworx.net; manager.nh0022@hotworx.net; manager.nh0023@hotworx.net; manager.nj0002@hotworx.net; manager.nj0003@hotworx.net; manager.nj0010@hotworx.net; manager.nj0013@hotworx.net; manager.nj0014@hotworx.net; manager.nj0016@hotworx.net; manager.nj0017@hotworx.net; manager.nj0020@hotworx.net; manager.nj0021@hotoworx.net; manager.nj0024@hotworx.net; manager.nm0002@hotworx.net; manager.nm0003@hotworx.net; manager.nm0004@hotworx.net; manager.nm0005@hotworx.net; manager.nm0006@hotworx.net; manager.nm0007@hotworx.net; manager.nm0010@hotworx.net; manager.nm0011@hotworx.net; manager.nv0001@hotworx.net; manager.nv0003@hotworx.net; manager.nv0004@hotworx.net; manager.nv0005@hotworx.net; manager.nv0010@hotworx.net; manager.nv0011@hotworx.net; manager.nv0014@hotworx.net; manager.nv0018@hotworx.net; manager.nv0019@hotworx.net; manager.nv0025@hotworx.net; manager.ny0001@hotworx.net; manager.ny0004@hotworx.net; manager.ny0007@hotworx.net; manager.ny0017@hotworx.net; manager.ny0018@hotworx.net; manager.ny0021@hotworx.net; manager.ny0022@hotworx.net; manager.ny0024@hotworx.net; manager.ny0027@hotworx.net; manager.ny0031@hotworx.net; manager.ny0032@hotworx.net; manager.ny0033@hotworx.net; manager.ny0036@hotworx.net; manager.ny0037@hotworx.net; manager.ny0039@hotworx.net; manager.ny0040@hotworx.net; manager.ny0042@hotworx.net; manager.ny0043@hotworx.net; manager.ny0050@hotworx.net; manager.ny0051@hotworx.net; manager.ny0055@hotworx.net; manager.oh0002@hotworx.net; manager.oh0005@hotworx.net; manager.oh0007@hotworx.net; manager.oh0008@hotworx.net; manager.oh0009@hotworx.net; manager.oh0010@hotworx.net; manager.oh0011@hotworx.net; manager.oh0013@hotworx.net; manager.oh0014@hotworx.net; manager.oh0016@hotworx.net; manager.oh0023@hotworx.net; manager.oh0024@hotworx.net; manager.oh0030@hotworx.net; manager.oh0035@hotworx.net; manager.oh0037@hotworx.net; manager.oh0038@hotworx.net; manager.oh0039@hotworx.net; manager.oh0041@hotworx.net; manager.oh0043@hotworx.net; manager.oh0044@hotworx.net; manager.ok0001@hotworx.net; manager.ok0002@hotworx.net; manager.ok0004@hotworx.net; manager.ok0005@hotworx.net; manager.ok0008@hotworx.net; manager.ok0009@hotworx.net; manager.ok0013@hotworx.net; manager.ok0014@hotworx.net; manager.ok0016@hotworx.net; manager.ok0019@hotworx.net; manager.ok0020@hotworx.net; manager.ok0022@hotworx.net; manager.ok0024@hotworx.net; manager.ok0027@hotworx.net; manager.ok0028@hotworx.net; manager.ok0030@hotworx.net; manager.ok0034@hotworx.net; manager.ok0035@hotworx.net; manager.ok0036@hotworx.net; manager.on0001@hotworx.net; manager.or0001@hotworx.net; manager.or0004@hotworx.net; manager.or0005@hotworx.net; manager.or0015@hotworx.net; manager.or0019@hotworx.net; manager.orlando.uniblvd@hotworx.net; manager.pa0002@hotworx.net; manager.pa0003@hotworx.net; manager.pa0006@hotworx.net; manager.pa0010@hotworx.net; manager.pa0011@hotworx.net; manager.pa0012@hotworx.net; manager.pa0015@hotworx.net; manager.pa0021@hotworx.net; manager.pa0024@hotworx.net; manager.pa0027@hotworx.net; manager.pa0028@hotworx.net; manager.pa0029@hotworx.net; manager.pa0030@hotworx.net; manager.pa0034@hotworx.net; manager.pa0041@hotworx.net; manager.pa0048@hotworx.net; manager.pa0050@hotworx.net; manager.pa0053@hotworx.net; manager.qc0001@hotworx.net; manager.raleigh@hotworx.net; manager.rsm@hotworx.net; manager.sanjose.downtown@hotworx.net; manager.sau0001@hotworx.net; manager.sc0004@hotworx.net; manager.sc0005@hotworx.net; manager.sc0006@hotworx.net; manager.sc0008@hotworx.net; manager.sc0009@hotworx.net; manager.sc0014@hotworx.net; manager.sc0023@hotworx.net; manager.sc0024@hotworx.net; manager.sc0025@hotworx.net; manager.sc0026@hotworx.net; manager.sc0027@hotworx.net; manager.sc0028@hotworx.net; manager.sc0032@hotworx.net; manager.sc0034@hotworx.net; manager.sc0035@hotworx.net; manager.sc0037@hotworx.net; manager.sc0038@hotworx.net; manager.sc0042@hotworx.net; manager.sd0003@hotworx.net; manager.sd0006@hotworx.net; manager.starkville@hotworx.net; manager.tc0349@hotworx.net; manager.tn0001@hotworx.net; manager.tn0004@hotworx.net; manager.tn0008@hotworx.net; manager.tn0014@hotworx.net; manager.tn0017@hotworx.net; manager.tn0018@hotworx.net; manager.tn0019@hotworx.net; manager.tn0024@hotworx.net; manager.tn0025@hotworx.net; manager.tn0026@hotworx.net; manager.tn0027@hotworx.net; manager.tn0028@hotworx.net; manager.tn0029@hotworx.net; manager.tn0034@hotworx.net; manager.tn0036@hotworx.net; manager.tn0037@hotworx.net; manager.tn0038@hotworx.net; manager.tn0039@hotworx.net; manager.tn0041@hotworx.net; manager.tn0042@hotworx.net; manager.tn0045@hotworx.net; manager.tn0046@hotworx.net; manager.tn0048@hotworx.net; manager.tn0054@hotworx.net; manager.tn0055@hotworx.net; manager.tn0059@hotworx.net; manager.tn0062@hotworx.net; manager.tn0063@hotworx.net; manager.tn0065@hotworx.net; manager.tn0068@hotworx.net; manager.tn0070@hotworx.net; manager.tx0001@hotworx.net; manager.tx0003@hotworx.net; manager.tx0004@hotworx.net; manager.tx0006@hotworx.net; manager.tx0012@hotworx.net; manager.tx0017@hotworx.net; manager.tx0022@hotworx.net; manager.tx0023@hotworx.net; manager.tx0025@hotworx.net; manager.tx0026@hotworx.net; manager.tx0027@hotworx.net; manager.tx002@gmail.com; manager.tx0031@hotworx.net; manager.tx0032@hotworx.net; manager.tx0034@hotworx.net; manager.tx0035@hotworx.net; manager.tx0036@hotworx.net; manager.tx0037@hotworx.net; manager.tx0042@hotworx.net; manager.tx0043@hotworx.net; manager.tx0045@hotworx.net; manager.tx0046@hotworx.net; manager.tx0047@hotworx.net; manager.tx0048@hotworx.net; manager.tx0049@hotworx.net; manager.tx0051@hotworx.net; manager.tx0054@hotworx.net; manager.tx0055@hotworx.net; manager.tx0056@hotworx.net; manager.tx0057@hotworx.net; manager.tx0058@hotworx.net; manager.tx0063@hotworx.net; manager.tx0065@hotworx.net; manager.tx0066@hotworx.net; manager.tx0067@hotworx.net; manager.tx0068@hotworx.net; manager.tx0069@hotworx.net; manager.tx0070@hotworx.net; manager.tx0071@hotworx.net; manager.tx0072@hotworx.net; manager.tx0073@hotworx.net; manager.tx0078@hotworx.net; manager.tx0079@hotworx.net; manager.tx0082@hotworx.net; manager.tx0083@hotworx.net; manager.tx0084@hotworx.net; manager.tx0086@hotworx.net; manager.tx0087@hotworx.net; manager.tx0089@hotworx.net; manager.tx0090@hotworx.net; manager.tx0091@hotworx.net; manager.tx0092@hotworx.net; manager.tx0093@hotworx.net; manager.tx0094@hotworx.net; manager.tx0095@hotworx.net; manager.tx0096@hotworx.net; manager.tx0097@hotworx.net; manager.tx0100@hotworx.net; manager.tx0101@hotworx.net; manager.tx0104@hotworx.net; manager.tx0105@hotworx.net; manager.tx0106@hotworx.net; manager.tx0111@hotworx.net; manager.tx0112@hotworx.net; manager.tx0115@hotworx.net; manager.tx0116@hotworx.net; manager.tx0119@hotworx.net; manager.tx0120@hotworx.net; manager.tx0123@hotworx.net; manager.tx0124@hotworx.net; manager.tx0126@hotworx.net; manager.tx0127@hotworx.net; manager.tx0128@hotworx.net; manager.tx0129@hotworx.net; manager.tx0131@hotworx.net; manager.tx0132@hotworx.net; manager.tx0136@hotworx.net; manager.tx0137@hotworx.net; manager.tx0138@hotworx.net; manager.tx0140@hotworx.net; manager.tx0141@hotworx.net; manager.tx0142@hotworx.net; manager.tx0143@hotworx.net; manager.tx0144@hotworx.net; manager.tx0146@hotworx.net; manager.tx0147@hotworx.net; manager.tx0148@hotworx.net; manager.tx0149@hotworx.net; manager.tx0151@hotworx.net; manager.tx0154@hotworx.net; manager.tx0156@hotworx.net; manager.tx0157@hotworx.net; manager.tx0160@hotworx.net; manager.tx0162@hotworx.net; manager.tx0167@hotworx.net; manager.tx0168@hotworx.net; manager.tx0169@hotworx.net; manager.tx0171@hotworx.net; manager.tx0172@hotworx.net; manager.tx0174@hotworx.net; manager.tx0176@hotworx.net; manager.tx0177@hotworx.net; manager.tx0181@hotworx.net; manager.tx0183@hotworx.net; manager.tx0185@hotworx.net; manager.tx0187@hotworx.net; manager.tx0188@hotworx.net; manager.tx0189@hotworx.net; manager.tx0190@hotworx.net; manager.tx0191@hotworx.net; manager.tx0194@hotworx.net; manager.tx0195@hotworx.net; manager.tx0196@hotworx.net; manager.tx0198@hotworx.net; manager.tx0199@hotworx.net; manager.tx0200@hotworx.net; manager.tx0205@hotworx.net; manager.tx0206@hotworx.net; manager.tx0207@hotworx.net; manager.tx0210@hotworx.net; manager.tx0211@hotworx.net; manager.tx0216@hotworx.net; manager.tx0217@hotworx.net; manager.tx0219@hotworx.net; manager.tx0220@hotworx.net; manager.tx0221@hotworx.net; manager.tx0222@hotworx.net; manager.tx0223@hotworx.net; manager.tx0224@hotworx.net; manager.tx0225@hotworx.net; manager.tx0226@hotworx.net; manager.tx0227@hotworx.net; manager.tx0228@hotworx.net; manager.tx0229@hotworx.net; manager.tx0230@hotworx.net; manager.tx0233@hotworx.net; manager.tx0234@hotworx.net; manager.tx0238@hotworx.net; manager.tx0240@hotworx.net; manager.tx0241@hotworx.net; manager.tx0242@hotworx.net; manager.tx0243@hotworx.net; manager.tx0244@hotworx.net; manager.tx0245@hotworx.net; manager.tx0246@hotworx.net; manager.tx0249@hotworx.net; manager.tx0250@hotworx.net; manager.tx0251@hotworx.net; manager.tx0252@hotworx.net; manager.tx0254@hotworx.net; manager.tx0255@hotworx.net; manager.tx0256@hotworx.net; manager.tx0259@hotworx.net; manager.tx0261@hotworx.net; manager.tx0264@hotworx.net; manager.tx0265@hotworx.net; manager.tx0267@hotworx.net; manager.tx0268@hotworx.net; manager.tx0269@hotworx.net; manager.tx0270@hotworx.net; manager.tx0271@hotworx.net; manager.tx0273@hotworx.net; manager.tx0275@hotworx.net; manager.tx0276@hotworx.net; manager.tx0277@hotworx.net; manager.tx0278@hotworx.net; manager.tx0279@hotworx.net; manager.tx0280@hotworx.net; manager.tx0283@hotworx.net; manager.tx0285@hotworx.net; manager.tx0286@hotworx.net; manager.tx0288@hotworx.net; manager.tx0289@hotworx.net; manager.tx0292@hotworx.net; manager.tx0293@hotworx.net; manager.tx0296@hotworx.net; manager.tx0302@hotworx.net; manager.tx0303@hotworx.net; manager.tx0304@hotworx.net; manager.tx0305@hotworx.net; manager.tx0306@hotworx.net; manager.tx0307@hotworx.net; manager.tx0310@hotworx.net; manager.tx0311@hotworx.net; manager.tx0312@hotworx.net; manager.tx0316@hotworx.net; manager.tx0322@hotworx.net; manager.tx0326@hotworx.net; manager.tx0327@hotworx.net; manager.tx0331@hotworx.net; manager.tx0332@hotworx.net; manager.tx0333@hotworx.net; manager.tx0336@hotworx.net; manager.tx0339@hotworx.net; manager.tx0342@hotworx.net; manager.tx0343@hotworx.net; manager.tx0346@hotworx.net; manager.tx0347@hotworx.net; manager.tx0350@hotworx.net; manager.uae001@hotworx.net; manager.ut0001@hotworx.net; manager.ut0002@hotworx.net; manager.ut0004@hotworx.net; manager.ut0005@hotworx.net; manager.ut0008@hotworx.net; manager.ut0009@hotworx.net; manager.ut0010@hotworx.net; manager.ut0011@hotworx.net; manager.ut0014@hotworx.net; manager.ut0015@hotworx.net; manager.ut0018@hotworx.net; manager.ut0019@hotworx.net; manager.ut0022@hotworx.net; manager.ut0026@hotworx.net; manager.ut0027@hotworx.net; manager.ut0028@hotworx.net; manager.ut0030@hotworx.net; manager.ut0031@hotworx.net; manager.ut0033@hotworx.net; manager.ut0036@hotworx.net; manager.va0004@hotworx.net; manager.va0005@hotworx.net; manager.va0010@hotworx.net; manager.va0012@hotworx.net; manager.va0013@hotworx.net; manager.va0016@hotworx.net; manager.va0017@hotworx.net; manager.va0022@hotworx.net; manager.va0024@hotworx.net; manager.va0025@hotworx.net; manager.va0026@hotworx.net; manager.va0027@hotworx.net; manager.va0029@hotworx.net; manager.va0030@hotworx.net; manager.va0032@hotworx.net; manager.wa0001@hotworx.net; manager.wa0004@hotworx.net; manager.wa0005@hotworx.net; manager.wa0008@hotworx.net; manager.wa0009@hotworx.net; manager.wa0010@hotworx.net; manager.wa0014@hotworx.net; manager.wa0015@hotworx.net; manager.wa0021@hotworx.net; manager.wa0022@hotworx.net; manager.wa0025@hotworx.net; manager.wa0026@hotworx.net; manager.wa0029@hotworx.net; manager.wa0032@hotworx.net; manager.wa0037@hotworx.net; manager.wa0038@hotworx.net; manager.wa0040@hotworx.net; manager.wa0043@hotworx.net; manager.wa0044@hotworx.net; manager.wa0045@hotworx.net; manager.wa0046@hotworx.net; manager.wa0048@hotworx.net; manager.wa0049@hotworx.net; manager.wi0002@hotworx.net; manager.wi0003@hotworx.net; manager.wi0004@hotworx.net; manager.wi0006@hotworx.net; manager.wi0009@hotworx.net; manager.wi0011@hotworx.net; manager.wi0020@hotworx.net; manager.wi0021@hotworx.net; manager.wi0023@hotworx.net; manager.wi0025@hotworx.net; manager.wv0001@hotworx.net; manager.wv0002@hotworx.net; manager.wv0003@hotworx.net; miami.dadeland@hotworx.net; murfreesboro.srutherford@hotworx.net; orlando.uniblvd@hotworx.net; raleigh@hotworx.net; rsm@hotworx.net; sanjose.downtown@hotworx.net; starkville@hotworx.net; studio.ab0001@hotworx.net; studio.ab0004@hotworx.net; studio.ak0004@hotworx.net; studio.al0001@hotworx.net; studio.al0002@hotworx.net; studio.al0006@hotworx.net; studio.al0008@hotworx.net; studio.al0009@hotworx.net; studio.al0017@hotworx.net; studio.al0018@hotworx.net; studio.al0020@hotworx.net; studio.al0024@hotworx.net; studio.al0025@hotworx.net; studio.al0026@hotworx.net; studio.al0027@hotworx.net; studio.al0028@hotworx.net; studio.al0029@hotworx.net; studio.al0032@hotworx.net; studio.al0035@hotworx.net; studio.al0036@hotworx.net; studio.al0037@hotworx.net; studio.ar0002@hotworx.net; studio.ar0003@hotworx.net; studio.ar0004@hotworx.net; studio.ar0005@hotworx.net; studio.ar0008@hotworx.net; studio.ar0009@hotworx.net; studio.ar0010@hotworx.net; studio.ar0011@gmail.com; studio.ar0014@hotworx.net; studio.ar0020@hotworx.net; studio.ar0021@hotworx.net; studio.az0010@hotworx.net; studio.az0012@hotworx.net; studio.az0013@hotworx.net; studio.az0014@hotworx.net; studio.az0017@hotworx.net; studio.az0018@hotworx.net; studio.az0021@hotworx.net; studio.az0026@hotworx.net; studio.az0028@hotworx.net; studio.az0032@hotworx.net; studio.az0035@hotworx.net; studio.az0039@hotworx.net; studio.az0045@hotworx.net; studio.az0047@hotworx.net; studio.az0048@hotworx.net; studio.az0050@hotworx.net; studio.ca0002@hotworx.net; studio.ca0010@hotworx.net; studio.ca0024@hotworx.net; studio.ca0025@hotworx.net; studio.ca0030@hotworx.net; studio.ca0036@hotworx.net; studio.ca0038@hotworx.net; studio.ca0039@hotworx.net; studio.ca0040@hotworx.net; studio.ca0043@hotworx.net; studio.ca0048@hotworx.net; studio.ca0050@hotworx.net; studio.ca0053@hotworx.net; studio.ca0054@hotworx.net; studio.ca0055@hotworx.net; studio.ca0057@hotworx.net; studio.ca0059@hotworx.net; studio.ca0060@hotworx.net; studio.ca0062@hotworx.net; studio.ca0066@hotworx.net; studio.ca0067@hotworx.net; studio.ca0068@hotworx.net; studio.ca0069@hotworx.net; studio.ca0071@hotworx.net; studio.ca0076@hotworx.net; studio.ca0078@hotworx.net; studio.ca0079@hotworx.net; studio.ca0080@hotworx.net; studio.ca0085@hotworx.net; studio.ca0090@hotworx.net; studio.ca0093@hotworx.net; studio.ca0094@hotworx.net; studio.ca0095@hotworx.net; studio.ca0099@hotworx.net; studio.ca0102@hotworx.net; studio.ca0106@hotworx.net; studio.ca0109@hotworx.net; studio.ca0113@hotworx.net; studio.ca0116@hotworx.net; studio.ca0120@hotworx.net; studio.ca0127@hotworx.net; studio.ca0128@hotworx.net; studio.ca0134@hotworx.net; studio.ca0140@hotworx.net; studio.ca0141@hotworx.net; studio.ca0142@hotworx.net; studio.ca0144@hotworx.net; studio.ca0147@hotworx.net; studio.ca0148@hotworx.net; studio.ca0152@hotworx.net; studio.ca0153@hotworx.net; studio.co0003@hotworx.net; studio.co0006@hotworx.net; studio.co0007@hotworx.net; studio.co0010@hotworx.net; studio.co0014@hotworx.net; studio.co0017@hotworx.net; studio.co0023@hotworx.net; studio.co0024@hotworx.net; studio.co0027@hotworx.net; studio.co0029@hotworx.net; studio.co0032@hotworx.net; studio.co0033@hotworx.net; studio.co0036@hotworx.net; studio.co0037@hotworx.net; studio.co0047@hotworx.net; studio.co0048@hotworx.net; studio.co0051@hotworx.net; studio.co0054@hotworx.net; studio.co0055@hotworx.net; studio.co0057@hotworx.net; studio.co0058@hotworx.net; studio.co0059@hotworx.net; studio.co0062@hotworx.net; studio.co0063@hotworx.net; studio.co0065@hotworx.net; studio.co0066@hotworx.net; studio.ct0002@hotwotx.net; studio.de0001@hotworx.net; studio.fl0001@hotworx.net; studio.fl0006@hotworx.net; studio.fl0010@hotworx.net; studio.fl0011@hotworx.net; studio.fl0012@hotworx.net; studio.fl0013@hotworx.net; studio.fl0016@hotworx.net; studio.fl0021@hotworx.net; studio.fl0025@hotworx.net; studio.fl0026@hotworx.net; studio.fl0027@hotworx.net; studio.fl0028@hotworx.net; studio.fl0030@hotworx.net; studio.fl0033@hotworx.net; studio.fl0034@hotworx.net; studio.fl0038@hotworx.net; studio.fl0039@hotworx.net; studio.fl0048@hotworx.net; studio.fl0052@hotworx.net; studio.fl0057@hotworx.net; studio.fl0062@hotworx.net; studio.fl0063@hotworx.net; studio.fl0069@hotworx.net; studio.fl0078@hotworx.net; studio.fl0079@hotworx.net; studio.fl0080@hotworx.net; studio.fl0085@hotworx.net; studio.fl0086@hotworx.net; studio.fl0088@hotworx.net; studio.fl0089@hotworx.net; studio.fl0094@hotworx.net; studio.fl0099@hotworx.net; studio.fl0101@hotworx.net; studio.fl0105@hotworx.net; studio.fl0111@hotworx.net; studio.fl0112@hotworx.net; studio.fl0113@hotworx.net; studio.fl0116@hotworx.net; studio.fl0117@hotworx.net; studio.fl0118@hotworx.net; studio.fl0121@hotworx.net; studio.fl0125@hotworx.net; studio.fl0128@hotworx.net; studio.fl0131@hotworx.net; studio.fl0134@hotworx.net; studio.fl0135@hotworx.net; studio.fl0140@hotworx.net; studio.fl0143@hotworx.net; studio.fl0147@hotworx.net; studio.fl0150@hotworx.net; studio.fl0151@hotworx.net; studio.fl0154@hotworx.net; studio.fl0162@hotworx.net; studio.fl0166@hotworx.net; studio.fl0169@hotworx.net; studio.fl0170@hotworx.net; studio.fl0172@hotworx.net; studio.fl0173@hotworx.net; studio.fl0174@hotworx.net; studio.fl0181@hotworx.net; studio.fl0182@hotworx.net; studio.fl0185@hotworx.net; studio.fl0187@hotworx.net; studio.fl0191@hotworx.net; studio.fl0195@hotworx.net; studio.fl0197@hotworx.net; studio.fl0201@hotworx.net; studio.fl0203@hotworx.net; studio.ga0003@hotworx.net; studio.ga0005@hotworx.net; studio.ga0011@hotworx.net; studio.ga0015@hotworx.net; studio.ga0016@hotworx.net; studio.ga0018@hotworx.net; studio.ga0021@hotworx.net; studio.ga0022@hotworx.net; studio.ga0024@hotworx.net; studio.ga0025@hotworx.net; studio.ga0026@hotworx.net; studio.ga0034@hotworx.net; studio.ga0035@hotworx.net; studio.ga0036@hotworx.net; studio.ga0037@hotworx.net; studio.ga0038@hotworx.net; studio.ga0040@hotworx.net; studio.ga0044@hotworx.net; studio.ga0052@hotworx.net; studio.ga0053@hotworx.net; studio.ga0056@hotworx.net; studio.ga0059@hotworx.net; studio.ga0060@hotworx.net; studio.ga0064@hotworx.net; studio.ga0065@hotworx.net; studio.ga0067@hotworx.net; studio.ga0070@hotworx.net; studio.ga0075@hotworx.net; studio.ga0077@hotworx.net; studio.ga0078@hotworx.net; studio.ga0079@hotworx.net; studio.ga0082@hotworx.net; studio.ga0084@hotworx.net; studio.ga0087@hotworx.net; studio.ga0088@hotworx.net; studio.ga0089@hotworx.net; studio.ga0095@hotworx.net; studio.ga0098@hotworx.net; studio.ga0099@hotworx.net; studio.ga0102@hotworx.net; studio.ia0001@hotworx.net; studio.ia0002@hotworx.net; studio.ia0003@hotworx.net; studio.ia0004@hotworx.net; studio.ia0006@hotworx.net; studio.ia0007@hotworx.net; studio.ia0008@hotworx.net; studio.ia0010@hotworx.net; studio.ia0012@hotworx.net; studio.ia0013@hotworx.net; studio.ia0015@hotworx.net; studio.ia0016@hotworx.net; studio.ia0019@hotworx.net; studio.ia0021@hotworx.net; studio.ia0023@hotworx.net; studio.ia0024@hotworx.net; studio.ia0025@hotworx.net; studio.ia0030@hotworx.net; studio.id0003@hotworx.net; studio.id0004@hotworx.net; studio.id0009@hotworx.net; studio.id0010@hotworx.net; studio.id0013@hotworx.net; studio.id0015@hotworx.net; studio.id0016@hotworx.net; studio.ie0001@hotworx.net; studio.il0002@hotworx.net; studio.il0006@hotworx.net; studio.il0007@hotworx.net; studio.il0008@hotworx.net; studio.il0014@hotworx.net; studio.il0015@hotworx.net; studio.il0018@hotworx.net; studio.il0019@hotworx.net; studio.il0022@hotworx.net; studio.il0025@hotworx.net; studio.il0028@hotworx.net; studio.il0029@hotworx.net; studio.il0031@hotworx.net; studio.il0032@hotworx.net; studio.il0033@hotworx.net; studio.il0035@hotworx.net; studio.il0036@hotworx.net; studio.il0039@hotworx.net; studio.il0040@hotworx.net; studio.il0042@hotworx.net; studio.il0044@hotworx.net; studio.il0045@hotworx.net; studio.il0047@hotworx.net; studio.il0050@hotworx.net; studio.il0051@hotworx.net; studio.il0053@hotworx.net; studio.il0054@hotworx.net; studio.il0056@hotworx.net; studio.in0002@hotworx.net; studio.in0004@hotworx.net; studio.in0005@hotworx.net; studio.in0006@hotworx.net; studio.in0009@hotworx.net; studio.in0012@hotworx.net; studio.in0013@hotworx.net; studio.in0016@hotworx.net; studio.in0017@hotworx.net; studio.in0018@hotworx.net; studio.in0022@hotworx.net; studio.in0023@hotworx.net; studio.in0026@hotworx.net; studio.in0027@hotworx.net; studio.in0029@hotworx.net; studio.in0031@hotworx.net; studio.ks0002@hotworx.net; studio.ks0003@hotworx.net; studio.ks0005@hotworx.net; studio.ks0006@hotworx.net; studio.ks0007@hotworx.net; studio.ks0009@hotworx.net; studio.ks0010@hotworx.net; studio.ks0011@hotworx.net; studio.ks0012@hotworx.net; studio.ks0015@hotworx.net; studio.ky0002@hotworx.net; studio.ky0004@hotworx.net; studio.ky0006@hotworx.net; studio.ky0010@hotworx.net; studio.ky0013@hotworx.net; studio.ky0014@hotworx.net; studio.ky0017@hotworx.net; studio.ky0019@hotworx.net; studio.ky0021@hotworx.net; studio.ky0022@hotworx.net; studio.la0002@hotworx.net; studio.la0005@hotworx.net; studio.la0006@hotworx.net; studio.la0008@hotworx.net; studio.la0009@hotworx.net; studio.la0010@hotworx.net; studio.la0012@hotworx.net; studio.la0013@hotworx.net; studio.la0014@hotworx.net; studio.la0015@hotworx.net; studio.la0019@hotworx.net; studio.la0020@hotworx.net; studio.la0021@hotworx.net; studio.la0023@hotworx.net; studio.la0024@hotworx.net; studio.la0026@hotworx.net; studio.la0033@hotworx.net; studio.la0034@hotworx.net; studio.la0035@hotworx.net; studio.la0036@hotworx.net; studio.la0037@hotworx.net; studio.la0038@hotworx.net; studio.la0039@hotworx.net; studio.la0040@hotworx.net; studio.la0044@hotworx.net; studio.la0045@hotworx.net; studio.la0046@hotworx.net; studio.la0047@hotworx.net; studio.la0048@hotworx.net; studio.la0049@hotworx.net; studio.ma0001@hotworx.net; studio.ma0003@hotworx.net; studio.ma0004@hotworx.net; studio.ma0005@hotworx.net; studio.ma0006@hotworx.net; studio.ma0007@hotworx.net; studio.ma0012@hotworx.net; studio.ma0013@hotworx.net; studio.md0001@hotworx.net; studio.md0002@hotworx.net; studio.md0006@hotworx.net; studio.md0007@hotworx.net; studio.md0010@hotworx.net; studio.md0011@hotworx.net; studio.md0014@hotworx.net; studio.me0001@hotworx.net; studio.mi0001@hotworx.net; studio.mi0002@hotworx.net; studio.mi0010@hotworx.net; studio.mi0011@hotworx.net; studio.mi0015@hotworx.net; studio.mi0016@hotworx.net; studio.mi0017@hotworx.net; studio.mi0020@hotworx.net; studio.mi0021@hotworx.net; studio.mi0022@hotworx.net; studio.mi0023@hotworx.net; studio.mi0030@hotworx.net; studio.mi0032@hotworx.net; studio.mi0035@hotworx.net; studio.mi0038@hotworx.net; studio.mn0001@hotworx.net; studio.mn0004@hotworx.net; studio.mn0006@hotworx.net; studio.mn0009@hotworx.net; studio.mn0012@hotworx.net; studio.mn0018@hotworx.net; studio.mn0019@hotworx.net; studio.mn0022@hotworx.net; studio.mn0024@hotworx.net; studio.mn0025@hotworx.net; studio.mn0026@hotworx.net; studio.mn0032@hotworx.net; studio.mn0034@hotworx.net; studio.mo0001@hotworx.net; studio.mo0002@hotworx.net; studio.mo0004@hotworx.net; studio.mo0007@hotworx.net; studio.mo0014@hotworx.net; studio.mo0015@hotworx.net; studio.mo0017@hotworx.net; studio.mo0018@hotworx.net; studio.mo0019@hotworx.net; studio.mo0020@hotworx.net; studio.mo0021@hotworx.net; studio.mo0025@hotworx.net; studio.mo0027@hotworx.net; studio.mo0030@hotworx.net; studio.mo0036@hotworx.net; studio.mo0037@hotworx.net; studio.mo0038@hotworx.net; studio.mo0043@hotworx.net; studio.mo0045@hotworx.net; studio.ms0001@hotworx.net; studio.ms0004@hotworx.net; studio.ms0007@hotworx.net; studio.ms0010@hotworx.net; studio.ms0012@hotworx.net; studio.ms0014@hotworx.net; studio.ms0015@hotworx.net; studio.ms0016@hotworx.net; studio.ms0018@hotworx.net; studio.ms0019@hotworx.net; studio.ms0020@hotworx.net; studio.ms0021@hotworx.net; studio.ms0022@hotworx.net; studio.mt0001@hotworx.net; studio.mt0003@hotworx.net; studio.mt0006@hotworx.net; studio.nc0003@hotworx.net; studio.nc0005@hotworx.net; studio.nc0007@hotworx.net; studio.nc0008@hotworx.net; studio.nc0009@hotworx.net; studio.nc0010@hotworx.net; studio.nc0015@hotworx.net; studio.nc0016@hotworx.net; studio.nc0017@hotworx.net; studio.nc0019@hotworx.net; studio.nc0021@hotworx.net; studio.nc0022@hotworx.net; studio.nc0023@hotworx.net; studio.nc0026@hotworx.net; studio.nc0029@hotworx.net; studio.nc0030@hotworx.net; studio.nc0031@hotworx.net; studio.nc0032@hotworx.net; studio.nc0035@hotworx.net; studio.nc0038@hotworx.net; studio.nc0043@hotworx.net; studio.nc0044@hotworx.net; studio.nc0045@hotworx.net; studio.nc0050@hotworx.net; studio.nc0051@hotworx.net; studio.nc0053@hotworx.net; studio.nc0057@hotworx.net; studio.nc0059@hotworx.net; studio.nc0067@hotworx.net; studio.nc0069@hotworx.net; studio.nc0070@hotworx.net; studio.nd0001@hotworx.net; studio.nd0002@hotworx.net; studio.nd0003@hotworx.net; studio.nd0006@hotworx.net; studio.ne0001@hotworx.net; studio.ne0002@hotworx.net; studio.ne0003@hotworx.net; studio.ne0004@hotworx.net; studio.ne0005@hotworx.net; studio.ne0006@hotworx.net; studio.ne0007@hotworx.net; studio.ne0009@hotworx.net; studio.ne0010@hotworx.net; studio.ne0012@hotworx.net; studio.ne0013@hotworx.net; studio.ne0015@hotworx.net; studio.ne0018@hotworx.net; studio.ne0019@hotworx.net; studio.ne0020@hotworx.net; studio.ne0021@hotworx.net; studio.ne0022@hotworx.net; studio.ne0023@hotworx.net; studio.nh0001@hotworx.net; studio.nh0004@hotworx.net; studio.nh0005@hotworx.net; studio.nh0007@hotworx.net; studio.nh0008@hotworx.net; studio.nh0012@hotworx.net; studio.nh0013@hotworx.net; studio.nh0017@hotworx.net; studio.nh0022@hotworx.net; studio.nh0023@hotworx.net; studio.nj0002@hotworx.net; studio.nj0003@hotworx.net; studio.nj0010@hotworx.net; studio.nj0013@hotworx.net; studio.nj0014@hotworx.net; studio.nj0016@hotworx.net; studio.nj0017@hotworx.net; studio.nj0020@hotworx.net; studio.nj0021@hotworx.net; studio.nj0024@hotworx.net; studio.nm0002@hotworx.net; studio.nm0003@hotworx.net; studio.nm0004@hotworx.net; studio.nm0005@hotworx.net; studio.nm0006@hotworx.net; studio.nm0007@hotworx.net; studio.nm0010@hotworx.net; studio.nm0011@hotworx.net; studio.nv00018@hotworx.net; studio.nv0001@hotworx.net; studio.nv0003@hotworx.net; studio.nv0004@hotworx.net; studio.nv0005@hotworx.net; studio.nv0010@hotworx.net; studio.nv0011@hotworx.net; studio.nv0014@hotworx.net; studio.nv0019@hotworx.net; studio.nv0025@hotworx.net; studio.ny0001@hotworx.net; studio.ny0004@hotworx.net; studio.ny0007@hotworx.net; studio.ny0017@hotworx.net; studio.ny0018@hotworx.net; studio.ny0021@hotworx.net; studio.ny0022@hotworx.net; studio.ny0024@hotworx.net; studio.ny0027@hotworx.net; studio.ny0031@hotworx.net; studio.ny0032@hotworx.net; studio.ny0033@hotworx.net; studio.ny0036@hotworx.net; studio.ny0037@hotworx.net; studio.ny0039@hotworx.net; studio.ny0040@hotworx.net; studio.ny0042@hotworx.net; studio.ny0043@hotworx.net; studio.ny0050@hotworx.net; studio.ny0051@hotworx.net; studio.ny0055@hotworx.net; studio.oh0002@hotworx.net; studio.oh0005@hotworx.net; studio.oh0007@hotworx.net; studio.oh0008@hotworx.net; studio.oh0009@hotworx.net; studio.oh0010@hotworx.net; studio.oh0011@hotworx.net; studio.oh0013@hotworx.net; studio.oh0014@hotworx.net; studio.oh0016@hotworx.net; studio.oh0023@hotworx.net; studio.oh0024@hotworx.net; studio.oh0030@hotworx.net; studio.oh0035@hotworx.net; studio.oh0037@hotworx.net; studio.oh0038@hotworx.net; studio.oh0039@hotworx.net; studio.oh0041@hotworx.net; studio.oh0043@hotworx.net; studio.oh0044@hotworx.net; studio.ok0001@hotworx.net; studio.ok0002@hotworx.net; studio.ok0004@hotworx.net; studio.ok0008@hotworx.net; studio.ok0009@hotworx.net; studio.ok0013@hotworx.net; studio.ok0014@hotworx.net; studio.ok0016@hotworx.net; studio.ok0019@hotworx.net; studio.ok0020@hotworx.net; studio.ok0022@hotworx.net; studio.ok0024@hotworx.net; studio.ok0027@hotworx.net; studio.ok0028@hotworx.net; studio.ok0030@hotworx.net; studio.ok0034@hotworx.net; studio.ok0035@hotworx.net; studio.ok0036@hotworx.net; studio.on0001@hotworx.net; studio.or0001@hotworx.net; studio.or0004@hotworx.net; studio.or0005@hotworx.net; studio.or0015@hotworx.net; studio.or0019@hotworx.net; studio.pa0002@hotworx.net; studio.pa0003@hotworx.net; studio.pa0006@hotworx.net; studio.pa0010@hotworx.net; studio.pa0011@hotworx.net; studio.pa0012@hotworx.net; studio.pa0015@hotworx.net; studio.pa0021@hotworx.net; studio.pa0024@hotworx.net; studio.pa0027@hotworx.net; studio.pa0028@hotworx.net; studio.pa0029@hotworx.net; studio.pa0030@hotworx.net; studio.pa0034@hotworx.net; studio.pa0041@hotworx.net; studio.pa0048@hotworx.net; studio.pa0050@hotworx.net; studio.pa0053@hotworx.net; studio.qc0001@hotworx.net; studio.sau0001@hotworx.net; studio.sc0004@hotworx.net; studio.sc0005@hotworx.net; studio.sc0006@hotworx.net; studio.sc0008@hotworx.net; studio.sc0009@hotworx.net; studio.sc0014@hotworx.net; studio.sc0023@hotworx.net; studio.sc0024@hotworx.net; studio.sc0025@hotworx.net; studio.sc0026@hotworx.net; studio.sc0027@hotworx.net; studio.sc0028@hotworx.net; studio.sc0032@hotworx.net; studio.sc0034@hotworx.net; studio.sc0035@hotworx.net; studio.sc0037@hotworx.net; studio.sc0038@hotworx.net; studio.sc0042@hotworx.net; studio.sd0003@hotworx.net; studio.sd0006@hotworx.net; studio.tn0001@hotworx.net; studio.tn0008@hotworx.net; studio.tn0017@hotworx.net; studio.tn0018@hotworx.net; studio.tn0019@hotworx.net; studio.tn0024@hotworx.net; studio.tn0025@hotworx.net; studio.tn0026@hotworx.net; studio.tn0027@hotworx.net; studio.tn0028@hotworx.net; studio.tn0029@hotworx.net; studio.tn0034@hotworx.net; studio.tn0036@hotworx.net; studio.tn0037@hotworx.net; studio.tn0038@hotworx.net; studio.tn0039@hotworx.net; studio.tn0041@hotworx.net; studio.tn0042@hotworx.net; studio.tn0045@hotworx.net; studio.tn0046@hotworx.net; studio.tn0048@hotworx.net; studio.tn0054@hotworx.net; studio.tn0055@hotworx.net; studio.tn0059@hotworx.net; studio.tn0062@hotworx.net; studio.tn0063@hotworx.net; studio.tn0065@hotworx.net; studio.tn0068@hotworx.net; studio.tn0070@hotworx.net; studio.tx0001@hotworx.net; studio.tx0003@hotworx.net; studio.tx0004@hotworx.net; studio.tx0006@hotworx.net; studio.tx0017@hotworx.net; studio.tx0022@hotworx.net; studio.tx0023@hotworx.net; studio.tx0025@hotworx.net; studio.tx0026@hotworx.net; studio.tx0027@hotworx.net; studio.tx0031@hotworx.net; studio.tx0032@hotworx.net; studio.tx0034@hotworx.net; studio.tx0035@hotworx.net; studio.tx0036@hotworx.net; studio.tx0037@hotworx.net; studio.tx0042@hotworx.net; studio.tx0043@hotworx.net; studio.tx0045@hotworx.net; studio.tx0046@hotworx.net; studio.tx0047@hotworx.net; studio.tx0048@hotworx.net; studio.tx0049@hotworx.net; studio.tx0051@hotworx.net; studio.tx0054@hotworx.net; studio.tx0055@hotworx.net; studio.tx0056@hotworx.net; studio.tx0057@hotworx.net; studio.tx0058@hotworx.net; studio.tx0063@hotworx.net; studio.tx0065@hotworx.net; studio.tx0066@hotworx.net; studio.tx0067@hotworx.net; studio.tx0068@hotworx.net; studio.tx0069@hotworx.net; studio.tx0070@hotworx.net; studio.tx0071@hotworx.net; studio.tx0072@hotworx.net; studio.tx0073@hotworx.net; studio.tx0078@hotworx.net; studio.tx0079@hotworx.net; studio.tx0082@hotworx.net; studio.tx0083@hotworx.net; studio.tx0084@hotworx.net; studio.tx0086@hotworx.net; studio.tx0087@hotworx.net; studio.tx0089@hotworx.net; studio.tx0090@hotworx.net; studio.tx0091@hotworx.net; studio.tx0092@hotworx.net; studio.tx0093@hotworx.net; studio.tx0094@hotworx.net; studio.tx0095@hotworx.net; studio.tx0096@hotworx.net; studio.tx0097@hotworx.net; studio.tx0100@hotworx.net; studio.tx0101@hotworx.net; studio.tx0104@hotworx.net; studio.tx0105@hotworx.net; studio.tx0106@hotworx.net; studio.tx0111@hotworx.net; studio.tx0112@hotworx.net; studio.tx0115@hotworx.net; studio.tx0116@hotworx.net; studio.tx0119@hotworx.net; studio.tx0120@hotworx.net; studio.tx0123@hotworx.net; studio.tx0124@hotworx.net; studio.tx0126@hotworx.net; studio.tx0127@hotworx.net; studio.tx0128@hotworx.net; studio.tx0129@hotworx.net; studio.tx0131@hotworx.net; studio.tx0132@hotworx.net; studio.tx0136@hotworx.net; studio.tx0137@hotworx.net; studio.tx0138@hotworx.net; studio.tx0140@hotworx.net; studio.tx0141@hotworx.net; studio.tx0142@hotworx.net; studio.tx0143@hotworx.net; studio.tx0144@hotworx.net; studio.tx0146@hotworx.net; studio.tx0147@hotworx.net; studio.tx0148@hotworx.net; studio.tx0149@hotworx.net; studio.tx0151@hotworx.net; studio.tx0154@hotworx.net; studio.tx0156@hotworx.net; studio.tx0157@hotworx.net; studio.tx0160@hotworx.net; studio.tx0162@hotworx.net; studio.tx0167@hotworx.net; studio.tx0168@hotworx.net; studio.tx0169@hotworx.net; studio.tx0171@hotworx.net; studio.tx0172@hotworx.net; studio.tx0174@hotworx.net; studio.tx0176@hotworx.net; studio.tx0177@hotworx.net; studio.tx0181@hotworx.net; studio.tx0183@hotworx.net; studio.tx0185@hotworx.net; studio.tx0187@hotworx.net; studio.tx0188@hotworx.net; studio.tx0189@hotworx.net; studio.tx0190@hotworx.net; studio.tx0191@hotworx.net; studio.tx0194@hotworx.net; studio.tx0195@hotworx.net; studio.tx0196@hotworx.net; studio.tx0198@hotworx.net; studio.tx0199@hotworx.net; studio.tx0200@hotworx.net; studio.tx0205@hotworx.net; studio.tx0206@hotworx.net; studio.tx0207@hotworx.net; studio.tx0210@hotworx.net; studio.tx0211@hotworx.net; studio.tx0216@hotworx.net; studio.tx0217@hotworx.net; studio.tx0219@hotworx.net; studio.tx0220@hotworx.net; studio.tx0221@hotworx.net; studio.tx0222@hotworx.net; studio.tx0223@hotworx.net; studio.tx0224@hotworx.net; studio.tx0225@hotworx.net; studio.tx0226@hotworx.net; studio.tx0227@hotworx.net; studio.tx0228@hotworx.net; studio.tx0229@hotworx.net; studio.tx0230@hotworx.net; studio.tx0233@hotworx.net; studio.tx0234@hotworx.net; studio.tx0238@hotworx.net; studio.tx0240@hotworx.net; studio.tx0241@hotworx.net; studio.tx0242@hotworx.net; studio.tx0243@hotworx.net; studio.tx0244@hotworx.net; studio.tx0245@hotworx.net; studio.tx0246@hotworx.net; studio.tx0249@hotworx.net; studio.tx0250@hotworx.net; studio.tx0251@hotworx.net; studio.tx0252@hotworx.net; studio.tx0254@hotworx.net; studio.tx0255@hotworx.net; studio.tx0256@hotworx.net; studio.tx0259@hotworx.net; studio.tx0261@hotworx.net; studio.tx0264@hotworx.net; studio.tx0265@hotworx.net; studio.tx0267@hotworx.net; studio.tx0268@hotworx.net; studio.tx0269@hotworx.net; studio.tx0270@hotworx.net; studio.tx0271@hotworx.net; studio.tx0273@hotworx.net; studio.tx0275@hotworx.net; studio.tx0276@hotworx.net; studio.tx0277@hotworx.net; studio.tx0278@hotworx.net; studio.tx0279@hotworx.net; studio.tx0280@hotworx.net; studio.tx0283@hotworx.net; studio.tx0285@hotworx.net; studio.tx0286@hotworx.net; studio.tx0288@hotworx.net; studio.tx0289@hotworx.net; studio.tx0292@hotworx.net; studio.tx0293@hotworx.net; studio.tx0296@hotworx.net; studio.tx0302@hotworx.net; studio.tx0303@hotworx.net; studio.tx0304@hotworx.net; studio.tx0305@hotworx.net; studio.tx0306@hotworx.net; studio.tx0307@hotworx.net; studio.tx0310@hotworx.net; studio.tx0311@hotworx.net; studio.tx0312@hotworx.net; studio.tx0316@hotworx.net; studio.tx0322@hotworx.net; studio.tx0326@hotworx.net; studio.tx0327@hotworx.net; studio.tx0331@hotworx.net; studio.tx0332@hotworx.net; studio.tx0333@hotworx.net; studio.tx0336@hotworx.net; studio.tx0339@hotworx.net; studio.tx0342@hotworx.net; studio.tx0343@hotworx.net; studio.tx0346@hotworx.net; studio.tx0347@hotworx.net; studio.tx0349@hotworx.net; studio.tx0350@hotworx.net; studio.uae001@hotworx.net; studio.ut0001@hotworx.net; studio.ut0002@hotworx.net; studio.ut0004@hotworx.net; studio.ut0005@hotworx.net; studio.ut0008@hotworx.net; studio.ut0009@hotworx.net; studio.ut0010@hotworx.net; studio.ut0011@hotworx.net; studio.ut0014@hotworx.net; studio.ut0015@hotworx.net; studio.ut0018@hotworx.net; studio.ut0019@hotworx.net; studio.ut0022@hotworx.net; studio.ut0026@hotworx.net; studio.ut0027@hotworx.net; studio.ut0028@hotworx.net; studio.ut0030@hotworx.net; studio.ut0031@hotworx.net; studio.ut0033@hotworx.net; studio.ut0036@hotworx.net; studio.va0004@hotworx.net; studio.va0005@hotworx.net; studio.va0010@hotworx.net; studio.va0012@hotworx.net; studio.va0013@hotworx.net; studio.va0016@hotworx.net; studio.va0017@hotworx.net; studio.va0022@hotworx.net; studio.va0024@hotworx.net; studio.va0025@hotworx.net; studio.va0026@hotworx.net; studio.va0027@hotworx.net; studio.va0029@hotworx.net; studio.va0030@hotworx.net; studio.va0032@hotworx.net; studio.wa0001@hotworx.net; studio.wa0004@hotworx.net; studio.wa0005@hotworx.net; studio.wa0008@hotworx.net; studio.wa0009@hotworx.net; studio.wa0010@hotworx.net; studio.wa0014@hotworx.net; studio.wa0015@hotworx.net; studio.wa0021@hotworx.net; studio.wa0022@hotworx.net; studio.wa0025@hotworx.net; studio.wa0026@hotworx.nt; studio.wa0029@hotworx.net; studio.wa0032@hotworx.net; studio.wa0037@hotworx.net; studio.wa0038@hotworx.net; studio.wa0040@hotworx.net; studio.wa0043@hotworx.net; studio.wa0044@hotworx.net; studio.wa0045@hotworx.net; studio.wa0046@hotworx.net; studio.wa0048@hotworx.net; studio.wa0049@hotworx.net; studio.wi0002@hotworx.net; studio.wi0003@hotworx.net; studio.wi0004@hotworx.net; studio.wi0006@hotworx.net; studio.wi0009@hotworx.net; studio.wi0011@hotworx.net; studio.wi0020@hotworx.net; studio.wi0021@hotworx.net; studio.wi0023@hotworx.net; studio.wi0025@hotworx.net; studio.wv0001@hotworx.net; studio.wv0002@hotworx.net; studio.wv0003@hotworx.net; tulsa.101andmingo@hotworx.net; tyler@hotworx.net; competition.authorized@hotworx.net
Kitchen at Bala,https://kitchenatbala.com,OSM (fill),01520153,Hit Different,OWNER,hit.different@kitchenatbala.com,website,kitchenatbala@gmail.com; hit.different@kitchenatbala.com
Rittenhouse Communications Group,https://www.rittenhousecom.com,OSM (fill),024999999999,Edwards Sean,president,edwards.sean@rittenhousecom.com,website,contact@rittenhousecom.com; edwards.sean@rittenhousecom.com
Philadelphia Parking Authority-PHL Operations,https://philapark.org,OSM (fill),0293861,Airport Operations,Director,airport.operations@philapark.org,website,dmurphy-whittingham@philapark.org; airport.operations@philapark.org
Chengdu Center City,https://suxinghouserestaurant.com,OSM (fill),01520153,,,yanjiang9981a@gmail.com,none,info@ndiscovered.com; yanjiang9981a@gmail.com
Hitched,https://tryhitched.com/pages/philadelphia,OSM (fill),0250801,Stephanie Sammons,Co-Founder,stephanie@tryhitched.com,website,help@tryhitched.com; stephanie@tryhitched.com
Old City Flowers,https://www.phillysbestflorist.com,OSM (fill),0417578,Linked Sites,Team Member,linked.sites@phillysbestflorist.com,website,oldcityflowers@gmail.com; linked.sites@phillysbestflorist.com
Love City Vet,https://lovecityvet.com,OSM (fill),0100101,Killian Lenahen,Founder,killian.lenahen@lovecityvet.com,website,info@lovecityvet.com; nl@lovecityvet.com; sp@lovecityvet.com; killian.lenahen@lovecityvet.com
Old City Coffee,https://oldcitycoffee.com,OSM (fill),05883857521601178405,,,information@oldcitycoffee.com,none,info@stagheaddesigns.com; information@oldcitycoffee.com
Hotbox Yoga Manayunk,https://hotboxyoga.com,OSM (fill),01020103,Cancellation Policy,manager,cancellation@hotboxyoga.com,website,manager@hotboxyoga.com; cancellation@hotboxyoga.com
Circle of Friends Adult Day Health Care,https://circleofriendscare.com,OSM (fill),0201012,Administrator Email,cto,administrator@circleofriendscare.com,website,galina@circleofriendscare.com; minsue@circleofriendscare.com; victoria@circleofriendscare.com; administrator@circleofriendscare.com
Emma's Liberian Kitchen,https://emmaliberiankitchen.com,OSM (fill),01520153,,,eben@eyebytes.com,none,eben@eyebytes.com
1DIGITAL AGENCY,https://www.1digitalagency.com,OSM (fill),0393816,Commerce Of,Partner,commerce@1digitalagency.com,website,info@1digitalagency.com; rfp@1digitalagency.com; commerce@1digitalagency.com
Central Philadelphia Locksmith,https://centralphiladelphialocksmith.com,OSM (fill),04900491,Central Philadelphia,Team Member,central.philadelphia@centralphiladelphialocksmith.com,website,centralphiladelphialocksmith@gmail.com; central.philadelphia@centralphiladelphialocksmith.com
Cedar Point Bar & Kitchen,https://www.cedarpointbarandkitchen.com,OSM (fill),0250911,,,cpbkevents@gmail.com,none,cpbkevents@gmail.com
Loco Pez Taqueria - Graduate Hospital,https://locopez.com,OSM (fill),0251203,Graduate Hospital,Team Member,graduate.hospital@locopez.com,website,info.fishtown@locopez.com; info.gradhospital@locopez.com; info.westphilly@locopez.com; info@locopez.com; events@locopez.com; graduate.hospital@locopez.com
Konditori,https://konditori.com,OSM (fill),09999999990532160154,Per Inglander,Owner,per.inglander@konditori.com,website,info@konditori.com; per.inglander@konditori.com
Pegasus Therapeutic Riding Academy,https://www.pegasusridingacademy.com,OSM (fill),0100101,Therapeutic Riding,partner,therapeutic.riding@pegasusridingacademy.com,website,teresa@pegasusphilly.org; volunteercoordinator@pegasusphilly.org; therapeutic.riding@pegasusridingacademy.com
Yamitsuki Ramen,https://yamitsuki1028.wixsite.com/yamitsukiramen,OSM (fill),0919123,,,yamitsuki1028@gmail.com,none,yamitsuki1028@gmail.com; yamitsukiramen@gmail.com
FRIEDAcommunity,https://frieda.community,OSM (fill),0230207,Thomas Karen,cto,thomas@frieda.community,website,hello@frieda.community; celebrate@frieda.community; thomas@frieda.community
Kadampa Meditation Center Philadelphia,https://www.meditationinphiladelphia.org,OSM (fill),+12677023817,Kadampa Buddhism,founder,kadampa@meditationinphiladelphia.org,website,education@meditationinphiladelphia.org; kadampa@meditationinphiladelphia.org
Panitch Schwarze Belisario & Nadel,https://www.panitchlaw.com,OSM (fill),0260330,Counsel Counsel,Partner,counsel@panitchlaw.com,website,alutz@panitchlaw.com; cjablon@panitchlaw.com; cnorth@panitchlaw.com; cwieland@panitchlaw.com; dbutler@panitchlaw.com; edunston@panitchlaw.com; fliu@panitchlaw.com; hfordlewis@panitchlaw.com; iejimonyeugwo@panitchlaw.com; jhunt@panitchlaw.com; jkoha@panitchlaw.com; jsimmons@panitchlaw.com; jwilson@panitchlaw.com; khart@panitchlaw.com; kjones@panitchlaw.com; kscanlon@panitchlaw.com; ldinola@panitchlaw.com; mbelisario@panitchlaw.com; myamaguchi@panitchlaw.com; phirschhorn@panitchlaw.com; relias@panitchlaw.com; rventola@panitchlaw.com; sdouglass@panitchlaw.com; skatz@panitchlaw.com; slustig@panitchlaw.com; smurray@panitchlaw.com; ssmall@panitchlaw.com; tbliss@panitchlaw.com; counsel@panitchlaw.com
Pub & Kitchen,https://thepubandkitchen.com,OSM (fill),0211013,,,info@thepubandkitchen.com,none,info@thepubandkitchen.com
Pottruck Health and Fitness Center,https://facilities.upenn.edu/maps/locations/pottruck-health-and-fitness-center-david,OSM (fill),0314698,Building Code,Manager,building.code@facilities.upenn.edu,website,colinwel@upenn.edu; fres-web@upenn.edu; mikeferr@upenn.edu; building.code@facilities.upenn.edu
Schuylkill River Park Community Garden,https://srpcg.org,OSM (fill),,The Philadelphia,partner,the@srpcg.org,website,srpcg@srpcg.org; srpcginfo@srpcg.org; the@srpcg.org
MDC Design Center,https://mdcdesigncenter.com,OSM (fill),0761018,New Jersey,owner,new.jersey@mdcdesigncenter.com,website,info@mdcdesigncenter.com; new.jersey@mdcdesigncenter.com
Summit Spine and Wellness,https://www.summitspineandwellness.com,OSM (fill),031697833,Accident Chiropra,cto,accident.chiropra@summitspineandwellness.com,website,team@bewellsummit.com; accident.chiropra@summitspineandwellness.com
Lankenau Medical Center,https://www.mainlinehealth.org/Lankenau,OSM (fill),+18662255654,Main Line,partner,main.line@mainlinehealth.org,website,briggsdi@mlhs.org; lodging@hostsforhospitals.org; mlhpatientrelations@mlhs.org; patient_advocate@mlhs.org; main.line@mainlinehealth.org
Liberty Kitchen,https://www.libertykitchenphl.com,OSM (fill),070660031,,,events@libertykitchenphl.com,none,events@libertykitchenphl.com; libertykitchenphl@gmail.com
Unit Su Vege,http://www.unitsuvege.com,OSM (fill),058672021,,,mongolianichiban@gmail.com,none,mongolianichiban@gmail.com
Franklin Institute,https://www.fi.edu,OSM (fill),0260726,Beth Scheraga,Director,beth@fi.edu,website,bscheraga@fi.edu; guestservices@fi.edu; beth@fi.edu
Arcadia University,https://www.arcadia.edu,OSM (fill),0289451,Alumni Engagement,Vice President,alumni@arcadia.edu,website,admiss@arcadia.edu; ur@arcadia.edu; alumni@arcadia.edu
United Buffet,https://unitedbuffet.net,OSM (fill),01520153,No Early,Senior,no.early@unitedbuffet.net,website,astigma@astigmatic.com; no.early@unitedbuffet.net
Love City Brewing,https://www.lovecitybrewing.com,OSM (fill),01520153,,,info@lovecitybrewing.com,none,info@lovecitybrewing.com
AFC Fitness,https://www.afcfitness.com,OSM (fill),0890953089,Driven Partnerships,partner,driven@afcfitness.com,website,app@afcfitness.com; driven@afcfitness.com
Fitstop,https://fitstop.com/us/gyms/nj/cherry-hill,OSM (fill),0251028,Park Waikiki,cto,park@fitstop.com,website,cherryhill@fitstop.com; park@fitstop.com
Endgame Boxing + Fitness,https://endgameboxandfit.us,OSM (fill),020231127,Message An,owner,message@endgameboxandfit.us,website,faysal.bohmo@gmail.com; geoffrey@endgameboxandfit.us; message@endgameboxandfit.us
Eastwick United Methodist Church,https://eastwickumc.org,OSM (fill),0366498190,,,eastwickunitedmethodist@gmail.com,none,eastwickunitedmethodist@gmail.com
Art City Vets,https://www.artcityvets.com,OSM (fill),02174924,Urgent Care,owner,urgent.care@artcityvets.com,website,info@artcityvets.com; urgent.care@artcityvets.com
Ukrainian Educational and Cultural Center,https://www.ueccphila.org,OSM (fill),01320137,Annual Reports,Partner,annual.reports@ueccphila.org,website,contact@ueccphila.org; support@schedulista.com; annual.reports@ueccphila.org
Gravity Hair Salon,https://gravityhair.com/plymouth-meeting,OSM (fill),0260416,,,20appointments@gravityhair.com,none,20appointments@gravityhair.com
Nationalities Service Center North Garden,https://nscfarming.wordpress.com,OSM (fill),0737423,Entrepreneurial Garden,Partner,entrepreneurial.garden@nscfarming.wordpress.com,website,eramage@nscphila.org; pbaeza@nscphila.org; entrepreneurial.garden@nscfarming.wordpress.com
Fitler Square,https://www.fitlersquare.org,OSM (fill),026080603,Marie Wilson,founder,marie.wilson@fitlersquare.org,website,friendsoffitlersquarepark@gmail.com; marie.wilson@fitlersquare.org
Virtua Health & Wellness Center - Camden,https://www.virtua.org/locations/health-wellness-center-camden,OSM (fill),0220720,Know Virtua,partner,know@virtua.org,website,info@virtua.org; employment@virtua.org; virtuapatientaccounting@virtua.org; know@virtua.org
Living Word Community,https://lwcphilly.org,OSM (fill),0100101,Street Philadelphia,Director,street.philadelphia@lwcphilly.org,website,info@lwcphilly.org; typeemailhere@address.com; street.philadelphia@lwcphilly.org
Sister Cities Cafe,https://centercityphila.org/parks/sister-cities-park/sister-cities-cafe,OSM (fill),0260518,Gupta President,Chief Executive Officer,gupta@centercityphila.org,website,info@centercityphila.org; rentals@centercityphila.org; gupta@centercityphila.org
Volunteers of America Delaware County,https://www.voadv.org,OSM (fill),03014439,America Delaware,President,america@voadv.org,website,info@voadv.org; adegan@voadv.org; nyoungkin@voadv.org; thouse@voadv.org; america@voadv.org
Howard Hill,http://www.HowardHillFurniture.com,OSM (fill),0457495441749667530,Howard Hill,partner,howard.hill@HowardHillFurniture.com,website,howardhillfurniture@gmail.com; izzy@seasidefurnture.com; howard.hill@HowardHillFurniture.com
Auto Locksmith Philadelphia,https://www.autolocksmithphiladelphia.com,OSM (fill),+12677779778,,,info@autolocksmithphiladelphia.com,none,info@autolocksmithphiladelphia.com
Plymouth Whitemarsh High School,https://pw.colonialsd.org,OSM (fill),0230302,Raising Inclusive,Partner,raising.inclusive@pw.colonialsd.org,website,hking@colonialsd.org; jbacani@colonialsd.org; mazcona@colonialsd.org; rbretz@colonialsd.org; sprice@colonialsd.org; webmaster@colonialsd.org; raising.inclusive@pw.colonialsd.org
The Rittenhouse Hotel,https://www.rittenhousehotel.com,OSM (fill),07483966664466,The Rittenhouse,partner,the@rittenhousehotel.com,website,reservations@rittenhousehotel.com; the@rittenhousehotel.com
United States Hotel Bar & Grill,https://ushotelmanayunk.com,OSM (fill),01520153,,,lemonad@jovanny.ru,none,info@indiantypefoundry.com; lemonad@jovanny.ru
Weitzman National Museum of American Jewish History,https://theweitzman.org,OSM (fill),0833333333,Contemporary Lessons,President,contemporary@theweitzman.org,website,info@theweitzman.org; membership@theweitzman.org; contemporary@theweitzman.org
Philadelphia Community Access Media (PhillyCAM),https://phillycam.org,OSM (fill),0260731,Primary Roles,partner,primary@phillycam.org,website,info@phillycam.org; allison@phillycam.org; ariel@phillycam.org; bettina@phillycam.org; brad@phillycam.org; camille@phillycam.org; debbie@phillycam.org; dominick@phillycam.org; gabe@phillycam.org; kira@phillycam.org; laura@phillycam.org; maya@phillycam.org; membership@phillycam.org; onika@phillycam.org; peta@phillycam.org; programming@phillycam.org; radio@phillycam.org; reily@phillycam.org; roland@phillycam.org; ryan@phillycam.org; ryanshaw@phillycam.org; sergio@phillycam.org; sonia@phillycam.org; tia@phillycam.org; primary@phillycam.org
Arch Street United Methodist Church,https://archstreetumc.org,OSM (fill),04901024,Bill Clinton,President,bill@archstreetumc.org,website,officemanager@archstreetumc.org; darlene@archstreetumc.org; hannah@archstreetumc.org; bill@archstreetumc.org
Unity Kitchen,https://volsteadzeroproof.com,OSM (fill),,,,faysal.bohmo@gmail.com,none,faysal.bohmo@gmail.com
The American Law Institute,https://www.ali.org,OSM (fill),0414866,Chief Justice,President,chief@ali.org,website,website@ali.org; chief@ali.org
Curtis Institute of Music,https://www.curtis.edu,OSM (fill),098856264,Andrew Lane,Vice President,andrew.lane@curtis.edu,website,adam.dillon@curtis.edu; andrew.lane@curtis.edu; booking@curtis.edu; brayton.arvin@curtis.edu; catelyn.cohen@curtis.edu; fanjul@fanjulandward.com; julika.castro@curtis.edu; steven.halpner@curtis.edu; viola.frankenfeld@harrisonparrott.de
Saint Bernard Community Garden,https://www.ngtrust.org/saint-bernard,OSM (fill),07738610,Gardens Trust,PARTNER,gardens.trust@ngtrust.org,website,cthomas@pennhort.org; edoley@pennhort.org; eyoung@pennhort.org; jgreenberg@pennhort.org; ngtrust@pennhort.org; scourtney@pennhort.org; stbernardgarden@gmail.com; gardens.trust@ngtrust.org
St. George's United Methodist Church,https://www.historicstgeorges.org,OSM (fill),01520153,Ken Price,President,ken@historicstgeorges.org,website,office@historicstgeorges.org; hsgchurchadmin@historicstgeorges.org; layleader@historicstgeorges.org; organistdominic@dominicsilla.com; pastorbill@historicstgeorges.org; research@historicstgeorges.org; sprc@historicstgeorges.org; taylor@historicstgeorges.org; trustee@historicstgeorges.org; ken@historicstgeorges.org
Science History Institute,https://www.sciencehistory.org,OSM (fill),0260804,David Cole,President,david.cole@sciencehistory.org,website,info@sciencehistory.org; david.cole@sciencehistory.org
Unity Entrepreneurial Center,https://unityrecovery.org/portfolios/unity-entrepreneurial-center,OSM (fill),,,,faysal.bohmo@gmail.com,none,faysal.bohmo@gmail.com
Academy of Natural Sciences of Drexel University,https://ansp.org,OSM (fill),0260123,Giving Membership,Partner,giving.membership@ansp.org,website,ans_reservations@drexel.edu; giving.membership@ansp.org
Temple Women & Families Hospital,https://www.templehealth.org/locations/temple-women-and-families,OSM (fill),0539501,Abhi Rastogi,President,abhi.rastogi@templehealth.org,website,info@templehealth.org; services+tuhs@easternstandard.com; abhi.rastogi@templehealth.org
Ocean City Restaurant,https://www.oceancityrestaurantphilly.com,OSM (fill),01320137,,,oceancityct@gmail.com,none,oceancityct@gmail.com; oceancityphilly@gmail.com
JNA Institute of Culinary Arts,https://www.culinaryarts.edu,OSM (fill),+12154688800,Alex Smith,CEO,alex@culinaryarts.edu,website,info@culinaryarts.edu; admissions@culinaryarts.edu; alex@culinaryarts.edu
Heart of Camden,https://www.heartofcamden.org,OSM (fill),01520153,Father Michael,founder,father.michael@heartofcamden.org,website,info@heartofcamden.org; father.michael@heartofcamden.org
Pita Chip,https://www.pitachipphilly.com,OSM (fill),051966013883773,,,info@pitachipphilly.com,none,info@pitachipphilly.com
Headstart Pine Street,https://www.centerffs.org/headstart/head-start-locations-hours,OSM (fill),0241022,Richard Stagliano,CEO,richard.stagliano@centerffs.org,website,info@centerffs.org; richard.stagliano@centerffs.org
La Catrachita Taqueria,https://www.catrachitafoodtruck.com,OSM (fill),0732552,,,lacatrachitataqueria@gmail.com,none,info@misitio.com; lacatrachitataqueria@gmail.com
Community College of Philadelphia - West Regional Center,https://ccp.edu,OSM (fill),0260624,Goodwill Industries,Partner,goodwill@ccp.edu,website,admissions@ccp.edu; cod@ccp.edu; institute@ccp.edu; titleix@ccp.edu; goodwill@ccp.edu
Walt Whitman Cultural Arts Centre,https://it.rutgers.edu/camden/rutgers-it-camden-classroom-technology/walt-whitman-center,OSM (fill),0260624,Image Freeze,cto,image.freeze@it.rutgers.edu,website,accessibility@rutgers.edu; help@camden.rutgers.edu; image.freeze@it.rutgers.edu
Intercommunity Action,https://intercommunityaction.org,OSM (fill),0251226,,,greenridge@intercommunityaction.org,none,info@intercommunityaction.org; greenridge@intercommunityaction.org
Cathedral Kitchen,https://www.cathedralkitchen.org,OSM (fill),0260804,Noreen Fl,Vice President,noreen@cathedralkitchen.org,website,info@cathedralkitchen.org; carrie@cathedralkitchen.org; chris@cathedralkitchen.org; donatefunds@cathedralkitchen.org; helen@cathedralkitchen.org; janet@cathedralkitchen.org; net@cathedralkitchen.org; noreen@cathedralkitchen.org; volunteer@cathedralkitchen.org
WoodSpring Suites,https://www.woodspring.com/extended-stay-hotels/locations/new-jersey/camden/woodspring-suites-cherry-hill,OSM (fill),0250804670070347,Audible Fire,cto,audible.fire@woodspring.com,website,nj376@stayatchoice.com; audible.fire@woodspring.com
Gloucester City Junior Senior High School,https://www.gcsd.k12.nj.us,OSM (fill),0123456789,Staff Links,Director,staff@gcsd.k12.nj.us,website,jconnell@gcsd.k12.nj.us; kbobo@gcsd.k12.nj.us; kchiodi@gcsd.k12.nj.us; sbell@gcsd.k12.nj.us; webmaster@gcsd.k12.nj.us; staff@gcsd.k12.nj.us
St. Joseph Manor,https://www.redeemerseniorliving.org/pcstjosephmanor,OSM (fill),0202619,Redeemer Valley,partner,redeemer.valley@redeemerseniorliving.org,website,cbair@littleflowermanor.org; giving@holyredeemer.com; jege@littleflowermanor.org; joemoore@littleflowermanor.org; jzulli-ferrill@littleflowermanor.org; ksimons@littleflowermanor.org; msaraceni@littleflowermanor.org; rport@littleflowermanor.org; stomassetti@littleflowermanor.org; redeemer.valley@redeemerseniorliving.org
Angela Jane Pavilion,http://angelajane.com,OSM (fill),01526160,Buy Now,Owner,buy.now@angelajane.com,website,service@atom.com; buy.now@angelajane.com
Casablanca Mediterranean Grill,https://casablanca-grill.com,OSM (fill),01520153,,,casablancamg947@gmail.com,none,casablancamg947@gmail.com
Seeds of Hope Ministries,https://www.seedsofhopeministries.org,OSM (fill),02174924,Brenda Antinore,Founder,brenda.antinore@seedsofhopeministries.org,website,info@seedsofhopeministries.org; brenda.antinore@seedsofhopeministries.org
Philadelphia Table Company,https://www.philadelphiatablecompany.com,OSM (fill),0212092,,,paul@philadelphiatablecompany.com,none,paul@philadelphiatablecompany.com
Mitchell Performing Arts Center,http://www.mitchellcenter.info,OSM (fill),,Naomi Haus-Roth,Director,naomi@mitchellcenter.info,website,boxoffice@mitchellcenter.info; naomi@mitchellcenter.info
Renata's Kitchen & Bar,https://www.renatas-kitchen.com,OSM (fill),04698727,Executive Chef,Co-Founder,executive.chef@renatas-kitchen.com,website,kate@renatas.net; executive.chef@renatas-kitchen.com
Holy Trinity Lutheran Church,https://www.holytrinitynarberth.org,OSM (fill),02742868,Grace Lutheran,partner,grace@holytrinitynarberth.org,website,holytrinitynarberth@gmail.com; pastorjessica@holytrinitynarberth.org; grace@holytrinitynarberth.org
Millésimé,https://www.millesime.us,OSM (fill),0260805,,,info@millesime.us,none,info@millesime.us
Reconstructionist Rabbinical College,https://www.rrc.edu,OSM (fill),0220105,Longtime Reconstructionist,Chief Executive Officer,longtime.reconstructionist@rrc.edu,website,shalom@reconstructingjudaism.org; longtime.reconstructionist@rrc.edu
Summit Presbyterian Church,https://www.summitpres.net,OSM (fill),01320137,Blessing Bags,Partner,blessing@summitpres.net,website,cpyrch@summitpres.net; delores.paulk@gmail.com; martazehner@gmail.com; soconnor@summitpres.net; blessing@summitpres.net
Inglis House,https://www.inglis.org,OSM (fill),075705522,Inglis Inglis,Partner,inglis@inglis.org,website,webmaster@inglis.org; inglis@inglis.org
La Quinta Inn & Suites Mt. Laurel - Philadelphia,https://www.wyndhamhotels.com/laquinta/mount-laurel-new-jersey/la-quinta-mt-laurel-philadelphia/overview,OSM (fill),+18562357500,Answer Security,partner,answer.security@wyndhamhotels.com,website,accessibility@wyndham.com; answer.security@wyndhamhotels.com
Happy Bites,https://www.orderhappybites.com,OSM (fill),0260325,,,happybitesphilly@gmail.com,none,happybitesphilly@gmail.com
Philadelphia Furniture Workshop,https://www.philadelphiafurnitureworkshop.com,OSM (fill),0780402545,Craig Stevens,cto,craig.stevens@philadelphiafurnitureworkshop.com,website,philadelphiafurnitureworkshop@gmail.com; craig.stevens@philadelphiafurnitureworkshop.com
Renaissance Healthcare & Rehabilitation Services,https://renaissancehcr.com,OSM (fill),0230826,Administrator Christina,Director,administrator@renaissancehcr.com,website,admissions@renaissancehcr.com; administrator@renaissancehcr.com
James Shuler Memorial Boxing Gym,https://www.jamesshulerboxing.com,OSM (fill),054936319,,,jamesshulerboxing@gmail.com,none,jamesshulerboxing@gmail.com
United Muslim Movement,https://www.ummonline.org,OSM (fill),0260805,United Muslim,cto,united.muslim@ummonline.org,website,info@ummonline.org; united.muslim@ummonline.org
Hayes Manor,https://hayesmanor.org,OSM (fill),0250709,Fall Flea,cto,fall.flea@hayesmanor.org,website,rburns@hayesmanor.net; fall.flea@hayesmanor.org
Crossroads Community Church,https://www.crossroadspca.com,OSM (fill),0791646650,Lyle Sine,President,lyle.sine@crossroadspca.com,website,crossroadschurchpca@gmail.com; lyle.sine@crossroadspca.com
TLC TOO of the Northeast Community Center for MH/MR,https://www.neccbh.org/early-intervention-program,OSM (fill),0231212,Behavioral Health,partner,behavioral.health@neccbh.org,website,info@neccbh.org; behavioral.health@neccbh.org
Schmear It,https://www.schmearit.com,OSM (fill),03125014426651784802,,,schmearit@gmail.com,none,schmearit@gmail.com
Hickory Veterinary Hospital,https://www.hickoryvet.com,OSM (fill),0260220,Metropolitan Veterinary,cto,metropolitan@hickoryvet.com,website,info@hickoryvet.com; info@hickoryvetambler.com; info@metro-vet.com; hpi@hickorypetinn.com; hpi@hickoryvet.com; metropolitan@hickoryvet.com
Epworth United Methodist Church,https://palmyranjumc.org,OSM (fill),0260805,Amy Chaplin,cto,amy.chaplin@palmyranjumc.org,website,amy@fortheloveofbells.com; deblittlebear@aol.com; drliz525@gmail.com; epworth.palmyra@yahoo.com; jgaremore@brownconnery.com; amy.chaplin@palmyranjumc.org
Scoogi's Italian Kitchen & Bar,https://www.scoogis.com,OSM (fill),026080510,Well-Planned Evenings,Team Member,well-planned.evenings@scoogis.com,website,scoogis1990@gmail.com; well-planned.evenings@scoogis.com
FDR Skatepark,https://www.fdrparkphilly.org/skatepark,OSM (fill),05097603435,Roosevelt Park,president,roosevelt.park@fdrparkphilly.org,website,info@fdrpark.org; stewardship@fdrpark.org; youth@fdrpark.org; roosevelt.park@fdrparkphilly.org
Everybody Movement & Wellness,https://www.everybodymovesphilly.com,OSM (fill),01020103,Julia Naftulin,owner,julia.naftulin@everybodymovesphilly.com,website,hello@everybodymovesphilly.com; julia.naftulin@everybodymovesphilly.com
Philly Gainz,https://www.phillygainz.com,OSM (fill),0333333333,,,scytheinhere88@gmail.com,none,scytheinhere88@gmail.com
Advocate St. Stephens United Methodist Church,https://www.umc.org,OSM (fill),02801873,Calendar Find,Director,calendar.find@umc.org,website,newsdesk@umnews.org; calendar.find@umc.org
New Hope Philly,https://www.newhopephilly.com,OSM (fill),0251020,Field Purchase,partner,field@newhopephilly.com,website,bill@newhopephilly.com; field@newhopephilly.com
Xfinity Mobile Arena,https://www.xfinitymobilearena.com,OSM (fill),0121957,America Club,Owner,america.club@xfinitymobilearena.com,website,alex_macy@comcastspectacor.com; anthony_monaco@comcastspectacor.com; bradley_moss@comcastspectacor.com; xma-pr@comcastspectacor.com; america.club@xfinitymobilearena.com
Westminster Theological Seminary,https://www.wts.edu,OSM (fill),02511887215,Gresham Machen,founder,gresham@wts.edu,website,infodesk@wts.edu; support@wts.edu; admissions@wts.edu; communications@wts.edu; gresham@wts.edu
El Balconcito II,https://www.elbalconcito.com,OSM (fill),0260123,,,info@elbalconcito.com,none,info@elbalconcito.com
Universal Institute Charter School,https://www.universalfamilyofschools.org,OSM (fill),0260716,Penny Nixon,Ceo,penny.nixon@universalfamilyofschools.org,website,mrobinson@universalcompanies.org; penny.nixon@universalfamilyofschools.org
Mi Salud Wellness Center,https://www.misaludwellness.com,OSM (fill),02290795,Adult Resources,partner,adult.resources@misaludwellness.com,website,mi.salud.wellness@gmail.com; adult.resources@misaludwellness.com
Rittenhouse Homestead,https://rittenhousetown.org,OSM (fill),0180426,Exhibits Board,Director,exhibits@rittenhousetown.org,website,information@rittenhousetown.org; exhibits@rittenhousetown.org
Mount Airy Animal Hospital,https://mtairyvet.com,OSM (fill),0260310,Brunetti Veterinarian,Owner,brunetti.veterinarian@mtairyvet.com,website,customerservice@mtairyvet.com; brunetti.veterinarian@mtairyvet.com
Riverwards Produce - Old City,https://www.riverwardsproduce.com,OSM (fill),04900491,,,info@riverwardsproduce.com,none,info@riverwardsproduce.com
St. Stephen's United Church of Christ,https://www.ucc.org/church/saint-stephens-ucc-6,OSM (fill),0260707,Baptist Church,founder,baptist.church@ucc.org,website,cheryla727@aol.com; baptist.church@ucc.org
Philadelphia English Language Institute,https://pelischool.org,OSM (fill),04900491,,,impallari@gmail.com,none,hello@rfuenzalida.com; info@pelischool.org; impallari@gmail.com; matt@pixelspread.com
J'aime Fitness,https://www.jaimefitness.com,OSM (fill),01272048371,,,train@jaimefitness.com,none,train@jaimefitness.com
Holy Trinity Romanian Orthodox Church,https://www.holytrinityphiladelphia.org,OSM (fill),0666666666667,Northern Liberties,founder,northern.liberties@holytrinityphiladelphia.org,website,htrocphiladelphia@gmail.com; northern.liberties@holytrinityphiladelphia.org
Calandrino's Old City Vino,https://www.oldcityvino.com,OSM (fill),0260221,,,salute@oldcityvino.com,none,salute@oldcityvino.com
School District of Cheltenham Township Administration Building,https://www.cheltenham.org,OSM (fill),0150331,Drills Safety,Partner,drills@cheltenham.org,website,apullum@cheltenham.org; bmangum@cheltenham.org; ccollins@cheltenham.org; drodridguez@cheltenham.org; drodriguez@cheltenham.org; jblocker@cheltenham.org; jdigianivittorio@cheltenham.org; jmosher@cheltenham.org; jsmith03@cheltenham.org; kconnelly@cheltenham.org; kferraro@cheltenham.org; kmurphy@cheltenham.org; ksilver@cheltenham.org; ktaylor@cheltenham.org; mhorsey@cheltenham.org; mwilliams@cheltenham.org; rgirman@cheltenham.org; scatrambone@cheltenham.org; storan@cheltenham.org; tflood@cheltenham.org; tgray@cheltenham.org; thorne@cheltenham.org; vedwards@cheltenham.org; drills@cheltenham.org
Kearsley Rehabilitation and Nursing Center,https://kearsleyrehab.com,OSM (fill),+12158771565,Dialyze Direct,Partner,dialyze@kearsleyrehab.com,website,admissions@kearsleyrehab.com; dialyze@kearsleyrehab.com
Mabu Kitchen,https://mabukitchenphilly.com,OSM (fill),01111534,,,mabukitchenmanager@outlook.com,none,mabukitchenmanager@outlook.com
Little Walter's,https://littlewaltersphilly.com,OSM (fill),0170626083737,,,info@littlewaltersphilly.com,none,info@littlewaltersphilly.com
Citrine Glow,https://www.citrineglowmedispa.com,OSM (fill),+12159643035,,,info@citrineglowmedispa.com,none,info@citrineglowmedispa.com
AKA Rittenhouse Square,https://www.stayaka.com/locations/rittenhouse_square/default.aspx,OSM (fill),0490422,,,rittenhouse@stayaka.com,none,rittenhouse@stayaka.com
Church of the Holy Trinity,https://htrit.org,OSM (fill),021123118,,,communications@htrit.org,none,communications@htrit.org; ministry_designs@events.frontend; rentals@htrit.org
Weitzman National Museum of American Jewish History Museum Store,https://shoptheweitzman.org,OSM (fill),08004492373721744617,,,mediarelations@theweitzman.org,none,info@shoptheweitzman.org; mediarelations@theweitzman.org
Visitation B.V.M. Church,https://www.visitationbvm.net,OSM (fill),01058250,,,visitation.philly@gmail.com,none,visitation.philly@gmail.com
Chung Dam Spa & Fitness,http://chungdamspa.com,OSM (fill),0100101,,,chungdamspa@yahoo.com,none,chungdamspa@yahoo.com
White Dog Cafe,https://www.whitedog.com,OSM (fill),0539999997,,,chestersprings@whitedog.com,none,chestersprings@whitedog.com; glenmills@whitedog.com; haverford@whitedog.com; universitycity@whitedog.com; wayne@whitedog.com
Cherry Hill Chinese Christian Church,https://www.cherryhillccc.org/zh/index.php,OSM (fill),0632614,,,chccc_office@yahoo.com,none,chccc_office@yahoo.com
Descent of the Holy Spirit Romanian Orthodox Church,https://www.rophillychurch.org,OSM (fill),0260325,,,rophillychurch@gmail.com,none,rophillychurch@gmail.com
White Glove Car Wash,https://www.whiteglovecarwash.com/maple-shade-nj-location,OSM (fill),09817684,,,whitegloveofde@aol.com,none,whitegloveofde@aol.com
Christ Community Church,https://www.cccphila.org,OSM (fill),0535489,,,info@cccphila.org,none,info@cccphila.org
Grace Evangelical Lutheran Church Food Bank,https://www.gracelutheranphila.com,OSM (fill),01020103,,,gracelutheran435@gmail.com,none,gracelutheran435@gmail.com
Dean-Geitner-Givnish Funeral Home,https://www.lifecelebration.com/deangeitnergivnish,OSM (fill),+12157451006,,,beckgivnish@lifecelebration.com,none,beckgivnish@lifecelebration.com; boydhorrox@lifecelebration.com; craftgivnish@lifecelebration.com; deangeitnergivnish@lifecelebration.com; decker@lifecelebration.com; dunngivnish@lifecelebration.com; fluehrgivnish@lifecelebration.com; freedgivnish@lifecelebration.com; geitnergivnish@lifecelebration.com; jeffriesandkeates@lifecelebration.com; jfg3@lifecelebration.com; johnfgivnishbuckingham@lifecelebration.com; johnfgivnishfuneralhome@lifecelebration.com; keatesplum@lifecelebration.com; maugergivnish@lifecelebration.com; mcgheegivnish@lifecelebration.com; swartzgivnish@lifecelebration.com
Bait-ul-Aafiyat Mosque,https://www.phillymosque.com,OSM (fill),0137654307009,,,phillymosque@gmail.com,none,phillymosque@gmail.com
CountryWide Home Care,https://countrywidehomecare.com,OSM (fill),0260505,,,info.butler@countrywidehomecare.com,none,hr@countrywidehomecare.com; info.butler@countrywidehomecare.com; info.erie@countrywidehomecare.com; info.newcastle@countrywidehomecare.com; info.reading@countrywidehomecare.com; info@countrywidehomecare.com; infopgh@countrywidehomecare.com; delaware@countrywidehomecare.com; operation@countywidehomecare.com
Hahnemann University Hospital,https://www.hahnemannhospital.com,OSM (fill),,,,pahs@omniagnt.com,none,pahs@omniagnt.com
First Haitian Church of God,https://firsthaitianchurchofgodpa.org,OSM (fill),0230804,,,fhcogcommuications@gmail.com,none,fhcogcommuications@gmail.com
Philly Inn & Suites,https://www.phillyinn.com,OSM (fill),+12158783100,,,thephillyinn@gmail.com,none,thephillyinn@gmail.com
University City Chinese Christian Church,https://www.ucccc.org,OSM (fill),01320137,,,office@ucccc.org,none,office@ucccc.org
Castellino's Italian Market,http://castellinos.com,OSM (fill),0260325,,,castellinosco@gmail.com,none,castellinosco@gmail.com
Silk City,https://www.silkcityphilly.com,OSM (fill),0260718,,,booking@silkcityphilly.com,none,contact@silkcityphilly.com; booking@silkcityphilly.com
First United Methodist Church of Germantown,https://www.fumcog.org,OSM (fill),02174924,,,newsome@fumcog.org,none,office@fumcog.org; newsome@fumcog.org; pastorsassistantfumcog@gmail.com; tyrone.manning@pasenate.com; wailoo@fumcog.org
The Open Kitchen Sculpture Garden,https://theopenkitchensculpturegarden.com,OSM (fill),01371765137,,,theopenkitchensg@gmail.com,none,theopenkitchensg@gmail.com
Fante's Kitchen Shop,https://www.fantes.com,OSM (fill),05258013,,,sample@email.tst,none,mail@fantes.com; sample@email.tst
