Company Name,Website,Source,Phone Number,Contact Person,Contact Title,Contact Email,Founder Source,All Emails Found
Northaven United Methodist Church,https://ntcumc.org/churches/northaven-umc,OSM (fill),0131354,Church Directory,Director,church.directory@ntcumc.org,website,info@ntcumc.org; church@northaven.org; church.directory@ntcumc.org
Smith Offroad and Performance,https://smithoffroad.com,OSM (fill),01020103,Dallas North,President,dallas@smithoffroad.com,website,aaron@smithoffroad.com; eben@eyebytes.com; dallas@smithoffroad.com
Ardy's Mediterranean Grill,https://ardysgrill.com,OSM (fill),01020103,,,eben@eyebytes.com,none,team@latofonts.com; eben@eyebytes.com; filler@godaddy.com
Callier Center Richardson,https://calliercenter.utdallas.edu/location/richardson-campus,OSM,0250630,Annual Giving,Director,annual.giving@calliercenter.utdallas.edu,website,bethany.arsenault@utdallas.edu; communicationdisorders@utdallas.edu; darin.phan@utdallas.edu; donna.wylie@utdallas.edu; holly.rio@utdallas.edu; jiana.khazma@utdallas.edu; kenyatta.rendon@utdallas.edu; larissa.fong@utdallas.edu; melanie.obrien@utdallas.edu; patricia.gregory@utdallas.edu; sam.cox@utdallas.edu; slhs.phd@utdallas.edu; utdaudcenter@utdallas.edu; annual.giving@calliercenter.utdallas.edu
Bless Web Designs,https://blesswebdesigns.com,OSM,0260508,Dallas Business,Owner,dallas.business@blesswebdesigns.com,website,support@blesswebdesigns.com; billing@blesswebdesigns.com; sales@blesswebdesigns.com; dallas.business@blesswebdesigns.com
Heritage Farmstead Museum,https://www.heritagefarmstead.org,OSM (fill),0260706,Mary Alice,owner,mary.alice@heritagefarmstead.org,website,info@heritagefarmstead.org; mary.alice@heritagefarmstead.org
Good Work,https://simplygoodwork.com,OSM,0251113,Investor Dallas,Owner,investor.dallas@simplygoodwork.com,website,hello@simplygoodwork.com; info@simplygoodwork.com; investor.dallas@simplygoodwork.com
Shred Nations,https://www.shrednations.com/dallas,OSM (fill),0251121,Best We,partner,best@shrednations.com,website,info@shrednations.com; support@shrednations.com; dallas@shrednations.com; best@shrednations.com
"Synergistic Systems, Inc.",https://www.e-ssy.com,OSM,+19724159217,Certification Support,Team Member,certification.support@e-ssy.com,website,support@e-ssy.com; certification.support@e-ssy.com
Record Nations,https://www.recordnations.com/featured/dallas,OSM (fill),0260729,Match Engine,CEO,match@recordnations.com,website,info@recordnations.com; support@recordnations.com; dallas@recordnations.com; match@recordnations.com
Alfonso's Italian Restaurant,http://www.alfonsositalianrestaurant.com,OSM (fill),01520153,,,info@latinotype.com,none,info@latinotype.com
Bain & Company,https://www.bain.com/offices/dallas/en_us/index.aspx,OSM (fill),06336289442,Maeve Wang,Co-Founder,maeve.wang@bain.com,website,alumni.relations@bain.com; ann.lee@bain.com; dan.pinkney@bain.com; gary.duncan@bain.com; investorrelations_gisg@bain.com; maeve.wang@bain.com
Star Foundation Repair,https://www.starfoundationrepair.com,OSM (fill),0201125,Free Estimates,owner,free.estimates@starfoundationrepair.com,website,starfoundationrepair@gmail.com; free.estimates@starfoundationrepair.com
La Casita Bakeshop,https://www.lacasitabakeshop.com,OSM (fill),026080212,Brianna Short,owner,brianna.short@lacasitabakeshop.com,website,info@lacasitabakeshop.com; brianna.short@lacasitabakeshop.com
The Stewpot,https://thestewpot.org,OSM (fill),03182025,Showers The,partner,showers@thestewpot.org,website,info@thestewpot.org; aaroniqueh@thestewpot.org; adriennen@thestewpot.org; alliance@thestewpot.org; almar@thestewpot.org; andread@thestewpot.org; angelb@thestewpot.org; angelesr@thestewpot.org; bettyh@thestewpot.org; beverlya@thestewpot.org; brandig@thestewpot.org; brendas@thestewpot.org; bridgetc@thestewpot.org; calvinc@thestewpot.org; carmenm@thestewpot.org; carolr@thestewpot.org; chantayj@thestewpot.org; charissew@thestewpot.org; dannyb@thestewpot.org; danyelleg@thestewpot.org; donobanm@thestewpot.org; earlh@thestewpot.org; edithg@thestewpot.org; eileenn@thestewpot.org; elizabetho@thestewpot.org; gigig@thestewpot.org; gloriap@thestewpot.org; jamyahb@thestewpot.org; janas@thestewpot.org; javierr@thestewpot.org; jerrikah@thestewpot.org; jessicar@thestewpot.org; jimmyl@thestewpot.org; johnnyc@thestewpot.org; johns@thestewpot.org; jonathano@thestewpot.org; jrr@thestewpot.org; katyc@thestewpot.org; laurenq@thestewpot.org; lavonnec@thestewpot.org; leisaj@thestewpot.org; maryannb@thestewpot.org; mayrag@thestewpot.org; melissah@thestewpot.org; mercedesl@thestewpot.org; michaelh@thestewpot.org; michellek@thestewpot.org; monserratv@thestewpot.org; ofeliaz@thestewpot.org; philanthropy@thestewpot.org; robinc@thestewpot.org; sandrar@thestewpot.org; santosc@thestewpot.org; sarac@thestewpot.org; shalithew@thestewpot.org; summerk@thestewpot.org; suzannee@thestewpot.org; tarryannar@thestewpot.org; tims@fpcdallas.org; twanan@thestewpot.org; ui@4.0; violetag@thestewpot.org; virginias@thestewpot.org; volunteer@thestewpot.org; wandas@thestewpot.org; wendyr@thestewpot.org; showers@thestewpot.org
Landmark Of Plano Rehabilitation And Nursing Center,https://landmarkplano.com,OSM (fill),0260612,,,info_landmarkplano@csnhc.com,none,info_landmarkplano@csnhc.com
Home Zone Furniture,https://homezonefurniture.com,OSM (fill),08630830,Build It,partner,build@homezonefurniture.com,website,bree@homezonefurniture.com; build@homezonefurniture.com
Transwestern,https://transwestern.com,OSM (fill),0710195,Eric Johnson,Managing Director,eric.johnson@transwestern.com,website,alex.browne@transwestern.com; andrew.marcus@transwestern.com; andrew.wheeler@transwestern.com; blake.peterson@transwestern.com; blake.williams@transwestern.com; eric.johnson@transwestern.com; kyle.robbins@transwestern.com; mark.butcher@transwestern.com; peter.conte@transwestern.com; todd.smith@transwestern.com
Testforce Systems,https://us.testforce.com,OSM,0211115,Low Level,cto,low.level@us.testforce.com,website,sales@testforce.com; low.level@us.testforce.com
Med Security Inc,https://med-securityinc.com/dallas,OSM (fill),0260115,Patrick Toscano,CEO,patrick@med-securityinc.com,website,rkennedy@med-securityinc.com; patrick@med-securityinc.com
White Tiger,https://mywhitetigermartialarts.com,OSM (fill),01020103,,,impallari@gmail.com,none,team@latofonts.com; impallari@gmail.com
KidStrong,http://sachse.kidstrong.com,OSM (fill),+14693847714,Megin Sharp,Founder,megin.sharp@sachse.kidstrong.com,website,privacy@kidstrong.com; sachse@kidstrong.com; megin.sharp@sachse.kidstrong.com
Anytime Fitness,https://www.anytimefitness.com/gyms/4549/irving-tx-75039,OSM (fill),0201312,Anytime Fitness,Owner,anytime.fitness@anytimefitness.com,website,customercare@abcfitness.com; irvingtx3@anytimefitness.com; mediainquiries@sebrands.com; member.solutions@sebrands.com; anytime.fitness@anytimefitness.com
Frontline Fire Protection Inc,https://www.flfpi.com,OSM (fill),06033468,,,sales@flfpi.com,none,sales@flfpi.com
Genesis Benefit Thrift Store,https://www.genesisshelter.org/benefit-store,OSM (fill),0735903,Best Eric,Vice President,best@genesisshelter.org,website,events@genesisshelter.org; best@genesisshelter.org
Trinity Pet Hospital,https://www.trinitypethospital.com,OSM (fill),+19722453596,Veterinarian Dr,owner,veterinarian.dr@trinitypethospital.com,website,hello@trinitypethospital.com; veterinarian.dr@trinitypethospital.com
Guardian Mortgage,https://winningwithwade.com,OSM (fill),0260528,Independent Contra,cto,independent.contra@winningwithwade.com,website,team@winningwithwade.com; independent.contra@winningwithwade.com
Bink Suites,https://marcus-brandon.square.site,OSM (fill),0260325,,,hi@mystore.com,none,hi@mystore.com
Merit Coffee,https://meritcoffee.com,OSM (fill),01145240219898317622,Bill Ellis,CEO,bill.ellis@meritcoffee.com,website,info@meritcoffee.com; bill.ellis@meritcoffee.com
VetSavers Pet Hospital,http://vetsaversdallas.com,OSM (fill),09375185,Elise Veterinary,Manager,elise.veterinary@vetsaversdallas.com,website,infodallas@vetsaverspethospital.com; elise.veterinary@vetsaversdallas.com
Irving Bowhunters Association,https://www.ibatx.org,OSM (fill),01320137,,,ibatxinfo@gmail.com,none,ibatxinfo@gmail.com
Casa del Lago,https://casadelago.org,OSM (fill),01520153,Stephanie Schwienfurth,Co-Founder,stephanie.schwienfurth@casadelago.org,website,info@casadelago.org; stephanie.schwienfurth@casadelago.org
Advancial Federal Credit Union,https://www.advancial.org/locations/richardson,OSM (fill),0474428984811,,,fraudalert@advancial.org,none,fraudalert@advancial.org; loans@advancialmortgage.com; lruiz@advancial.org; msc@advancial.org; richardson@advancial.org; tstanley@advancial.org
Life Message Thrift,https://lifemessage.org/thrift-store,OSM (fill),04900491,President Darla,Vice President,president@lifemessage.org,website,thrift@lifemessage.org; president@lifemessage.org
A-1 Locksmith,https://www.a-1locksmith.com,OSM (fill),07692151,Why Texans,PARTNER,why.texans@a-1locksmith.com,website,info@a-1locksmith.com; why.texans@a-1locksmith.com
White Rock Coffee,https://wrcoffee.com,OSM (fill),03582711910409217634,,,music.wrcoffee@gmail.com,none,info@wrcoffee.com; music.wrcoffee@gmail.com; u003einfo@wrcoffee.com; wholesale@wrcoffee.com
Bilco Lock & Safe,https://www.bilcolockandsafe.com,OSM (fill),01520153,Asked Questions,owner,asked.questions@bilcolockandsafe.com,website,bilcolock@gmail.com; asked.questions@bilcolockandsafe.com
Adair's Interiors,https://www.adairsinteriors.com,OSM (fill),05068570,,,info@adairsinteriors.com,none,info@adairsinteriors.com
Lake Lavon Animal Hospital,https://www.lakelavonanimalhospital.com,OSM (fill),+19724297901,Medical Manager,Owner,medical.manager@lakelavonanimalhospital.com,website,hello@lakelavonvet.com; info@ivetbuilds.com; medical.manager@lakelavonanimalhospital.com
Little Greek Fresh Grill,https://littlegreekfreshgrill.com/store/richardson,OSM (fill),0260626,Food Fa,cto,food.fa@littlegreekfreshgrill.com,website,infotex@mylittlegreek.com; food.fa@littlegreekfreshgrill.com
Rooster Home and Hardware,https://www.roosterhomeandhardware.com,OSM (fill),01000130,,,info@roosterhomeandgarden.com,none,info@roosterhomeandgarden.com; office@roosterhomeandhardware.com
North Carrollton Veterinary Hospital,https://www.ncvh.com,OSM (fill),09375185,Lead Pet,cto,lead.pet@ncvh.com,website,hello@ncvh.com; lead.pet@ncvh.com
Fit Social Club,https://www.fit-socialclub.com,OSM (fill),01520153,Connor Stre,FOUNDER,connor.stre@fit-socialclub.com,website,info@fit-socialclub.com; connor.stre@fit-socialclub.com
Wesley Prep,https://www.wesleyprep.org,OSM (fill),04054630,Gifts Community,Partner,gifts@wesleyprep.org,website,admissions@wesleyprep.org; bressler@wesleyprep.org; communications@wesleyprep.org; enroll@wesleyprep.org; jlimber@wesleyprep.org; mfahrenbrook@wesleyprep.org; gifts@wesleyprep.org
Orangetheory Fitness,https://www.orangetheory.com/en-us/locations/texas/plano/1300-w-plano-parkway-140,OSM (fill),0100301,Author Share,partner,author.share@orangetheory.com,website,studiomanager1274@orangetheoryfitness.com; author.share@orangetheory.com
BFI INC,http://bfiinc.com,OSM (fill),093879717,,,service@bfiinc.com,none,service@bfiinc.com
Canales Furniture,https://www.canalesfurniture.com/pages/richardson,OSM (fill),0396541,Veronica Canales,founder,veronica@canalesfurniture.com,website,info@canalesfurniture.com; springvalley@canalesfurniture.com; veronica@canalesfurniture.com
Pegasus City Brewery,https://www.pegasuscitybrewery.com,OSM (fill),0735903,Adrian Cotten,Director,adrian@pegasuscitybrewery.com,website,info@pegasuscitybrewery.com; adrian@pegasuscitybrewery.com; will@pegasuscitybrewery.com
Canales Furniture,https://www.canalesfurnitureusa.com,OSM (fill),0396541,Mattress Prote,cto,mattress.prote@canalesfurnitureusa.com,website,info@canalesfurniture.com; mattress.prote@canalesfurnitureusa.com
ERP Logic,https://www.erplogic.com,OSM,02174924,Built In,partner,built.in@erplogic.com,website,reachout@noblq.com; built.in@erplogic.com
LA Fitness,https://www.lafitness.com/Pages/clubhome.aspx?clubid=1365,OSM (fill),01519720898773,,,contactus@fitnessintl.com,none,contactus@fitnessintl.com
Karma Kagyu Tibetan Buddhist Meditation Center,https://ktcdallas.org,OSM (fill),01669074113593,Armeda Ave,director,armeda@ktcdallas.org,website,director@ktcdallas.org; armeda@ktcdallas.org
REV Robotics,https://www.revrobotics.com,OSM (fill),09963013,Curriculum Education,Partner,curriculum.education@revrobotics.com,website,contact@revrobotics.com; support@revrobotics.com; sales@revrobotics.com; curriculum.education@revrobotics.com
River Ranch at Texas Horse Park,https://riverranch.org,OSM (fill),0251028,,,info@riverranch.com,none,info@riverranch.com
The Collonade,http://thecolonnadeaddison.com/PropertyInformation/PropertyProfile.axis,OSM (fill),0209419,Assistant Property,Manager,assistant.property@thecolonnadeaddison.com,website,aeconomu@lpc.com; jackie.walker@lpc.com; wburdon@lpc.com; assistant.property@thecolonnadeaddison.com
Prosperity Bank,https://www.prosperitybankusa.com,OSM (fill),0260714,Bank Customers,Partner,bank@prosperitybankusa.com,website,treasurymanagement.support@prosperitybankusa.com; trust@prosperitybankusa.com; bank@prosperitybankusa.com
OnWorks,https://www.onworks.design,OSM (fill),0242480,Green Power,Team Member,green.power@onworks.design,website,info@onworks.design; green.power@onworks.design
LanGo Institute,https://langoinstitute.com,OSM (fill),02130625,Akiba Yavneh,cto,akiba@langoinstitute.com,website,jobs@langoinstitute.com; learn@langoinstitute.com; lisa@langoinstitute.com; akiba@langoinstitute.com
Politano's Pizza & Pasta,https://www.mypolitanos.com,OSM (fill),02564438301,,,hi@mystore.com,none,hi@mystore.com
247 Workspace Office Furniture,https://247workspace.com,OSM (fill),09778898753358182177,Andy Gabehart,CEO,andy.gabehart@247workspace.com,website,info@247workspace.com; andy.gabehart@247workspace.com
Shahrzad Mediterranean Market & Grill,http://www.shahrzadrichardson.com,OSM (fill),0210930,,,help@shahrzadrichardson.com,none,help@shahrzadrichardson.com
All Care Veterinary Hospital,https://www.allcarevet.com,OSM (fill),09375185,Jaymie Licensed,Manager,jaymie@allcarevet.com,website,staff@allcarevet.com; jaymie@allcarevet.com
One Community Church,https://visitonecc.com/lewisville,OSM (fill),0100101,Alternative Dispute,Director,alternative@visitonecc.com,website,info@visitonecc.com; leadership@visitonecc.com; leadership_college@visitonecc.com; lewisville@visitonecc.com; alternative@visitonecc.com
Suntronic,https://suntronicinc.com,OSM (fill),0260526,Live Personalized,President,live.personalized@suntronicinc.com,website,info@suntronicinc.com; adam.wilk@suntronicinc.com; adam.wilk@suntronicllc.com; live.personalized@suntronicinc.com
Project Management Training Institute,https://www.4pmti.com,OSM (fill),0260728,Yad Senapathy,CEO,yad.senapathy@4pmti.com,website,info@4pmti.com; info@pmti.com; yad.senapathy@4pmti.com
MyGarageFloors.com,https://mygaragefloors.com/service-area/garage-floor-coating-dallas-tx,OSM (fill),0221102,Choose Polyaspartic,owner,choose.polyaspartic@mygaragefloors.com,website,hello@mygaragefloors.com; choose.polyaspartic@mygaragefloors.com
L'Atelier Paris Haute Design,https://www.leatelierparis.com,OSM (fill),0642925,Atelier Paris,partner,atelier@leatelierparis.com,website,info@leatelierparis.com; info@uniquekitchensandbaths.com; atl@leatelierparis.com; bod@leatelierparis.com; design@leatelierparis.com; dtx@leatelierparis.com; jim@dovedesignstudio.com; lax@leatelierparis.com; marcial@snyderdiamond.com; mia@leatelierparis.com; nyc@leatelierparis.com; orders@leatelierparis.com; press@leatelierparis.com; rjohnson@snyderdiamond.com; atelier@leatelierparis.com
Desi Bites,https://desibites.com,OSM (fill),,,,jarallax@1.10,none,jarallax@1.10
Hebron Cat Hospital,https://www.hebroncathospital.com,OSM (fill),08864072,Feline Aging,cto,feline.aging@hebroncathospital.com,website,hebroncats@gmail.com; feline.aging@hebroncathospital.com
Pure Yoga,https://www.pureyogatexas.com/dallas,OSM (fill),04900491,Fun Fact,cto,fun.fact@pureyogatexas.com,website,info@pureyogadallas.com; info@pureyogatexas.com; fun.fact@pureyogatexas.com
Nikki Smith Designs,https://nikkismithdesigns.com,OSM (fill),0457495441778217565,,,contact@nikkismithdesigns.com,none,contact@nikkismithdesigns.com
Roti Mediterranean,https://roti.com,OSM (fill),09796911043900493817,,,help@roti.com,none,help@roti.com
Studio 6 Fitness,https://studio6fitness.com/lakewood,OSM (fill),0250102,April Blackman,cto,april@studio6fitness.com,website,info@studio6fitness.com; lakewood@studio6fitness.com; april@studio6fitness.com
Stretch Zone,https://www.stretchzone.com/locations/rockwall-tx?region=136751,OSM (fill),0260728,Joslin Sansom,Owner,joslin.sansom@stretchzone.com,website,johndoe@mail.com; joslin.sansom@stretchzone.com
United Auction Group,https://unitedauctiongroup.com,OSM (fill),0250120,,,s-hopson@outlook.com,none,admin@unitedauctiongroup.com; s-hopson@outlook.com; wordpress@unitedauctiongroup.com
Hotworx,https://www.hotworx.net/studio/rockwall,OSM (fill),0989967,Competition Authorized,cto,competition.authorized@hotworx.net,website,atlanta.decatur@hotworx.net; batonrouge.highlandatairline@hotworx.net; batonrouge.perkins@hotworx.net; benton@hotworx.net; dallas.skillmanandabrams@hotworx.net; eastmemphis@hotworx.net; fishers@hotworx.net; flowermoundsouth@hotworx.net; gainesville.uf@hotworx.net; germantown@hotworx.net; kasie@hotworx.net; keller@hotworx.net; lakeland@hotworx.net; laurelsprings@hotworx.net; lubbock@hotworx.net; madison@hotworx.net; manager.ab0001@hotworx.net; manager.ab0004@hotworx.net; manager.ak0004@hotworx.net; manager.al0001@hotworx.net; manager.al0002@hotworx.net; manager.al0006@hotworx.net; manager.al0008@hotworx.net; manager.al0009@hotworx.net; manager.al0017@hotworx.net; manager.al0018@hotworx.net; manager.al0020@hotworx.net; manager.al0024@hotworx.net; manager.al0025@hotworx.net; manager.al0026@hotworx.net; manager.al0027@hotworx.net; manager.al0028@hotworx.net; manager.al0029@hotworx.net; manager.al0032@hotworx.net; manager.al0035@hotworx.net; manager.al0036@hotworx.net; manager.al0037@hotworx.net; manager.ar0001@hotworx.net; manager.ar0002@hotworx.net; manager.ar0003@hotworx.net; manager.ar0004@hotworx.net; manager.ar0005@hotworx.net; manager.ar0008@hotworx.net; manager.ar0009@hotworx.net; manager.ar0010@hotworx.net; manager.ar0011@gmail.com; manager.ar0014@hotworx.net; manager.ar0020@hotworx.net; manager.ar0021@hotworx.net; manager.atlanta.decatur@hotworx.net; manager.az0010@hotworx.net; manager.az0012@hotworx.net; manager.az0013@hotworx.net; manager.az0014@hotworx.net; manager.az0017@hotworx.net; manager.az0018@hotworx.net; manager.az0021@hotworx.net; manager.az0026@hotworx.net; manager.az0028@hotworx.net; manager.az0032@hotworx.net; manager.az0035@hotworx.net; manager.az0039@hotworx.net; manager.az0045@hotworx.net; manager.az0047@hotworx.net; manager.az0048@hotworx.net; manager.az0050@hotworx.net; manager.batonrouge.highlandatairline@hotworx.net; manager.batonrouge@hotworx.net; manager.ca0002@hotworx.net; manager.ca0010@hotworx.net; manager.ca0024@hotworx.net; manager.ca0025@hotworx.net; manager.ca0030@hotworx.net; manager.ca0036@hotworx.net; manager.ca0038@hotworx.net; manager.ca0039@hotworx.net; manager.ca0040@hotworx.net; manager.ca0043@hotworx.net; manager.ca0048@hotworx.net; manager.ca0050@hotworx.net; manager.ca0053@hotworx.net; manager.ca0054@hotworx.net; manager.ca0055@hotworx.net; manager.ca0057@hotworx.net; manager.ca0059@hotworx.net; manager.ca0060@hotworx.net; manager.ca0062@hotworx.net; manager.ca0066@hotworx.net; manager.ca0067@hotworx.net; manager.ca0068@hotworx.net; manager.ca0069@hotworx.net; manager.ca0071@hotworx.net; manager.ca0076@hotworx.net; manager.ca0078@hotworx.net; manager.ca0079@hotworx.net; manager.ca0080@hotworx.net; manager.ca0085@hotworx.net; manager.ca0090@hotworx.net; manager.ca0093@hotworx.net; manager.ca0094@hotworx.net; manager.ca0095@hotworx.net; manager.ca0099@hotworx.net; manager.ca0102@hotworx.net; manager.ca0106@hotworx.net; manager.ca0109@hotworx.net; manager.ca0113@hotworx.net; manager.ca0116@hotworx.net; manager.ca0120@hotworx.net; manager.ca0127@hotworx.net; manager.ca0128@hotworx.net; manager.ca0134@hotworx.net; manager.ca0140@hotworx.net; manager.ca0141@hotworx.net; manager.ca0142@hotworx.net; manager.ca0144@hotworx.net; manager.ca0147@hotworx.net; manager.ca0148@hotworx.net; manager.ca0152@hotworx.net; manager.ca0153@hotworx.net; manager.co0003@hotworx.net; manager.co0006@hotworx.net; manager.co0007@hotworx.net; manager.co0010@hotworx.net; manager.co0014@hotworx.net; manager.co0017@hotworx.net; manager.co0023@hotworx.net; manager.co0024@hotworx.net; manager.co0027@hotworx.net; manager.co0029@hotworx.net; manager.co0032@hotworx.net; manager.co0033@hotworx.net; manager.co0036@hotworx.net; manager.co0037@hotworx.net; manager.co0047@hotworx.net; manager.co0048@hotworx.net; manager.co0051@hotworx.net; manager.co0054@hotworx.net; manager.co0055@hotworx.net; manager.co0057@hotworx.net; manager.co0058@hotworx.net; manager.co0059@hotworx.net; manager.co0062@hotworx.net; manager.co0063@hotworx.net; manager.co0065@hotworx.net; manager.co0066@hotworx.net; manager.ct0002@hotwotx.net; manager.dallas.skillmanandabrams@hotworx.net; manager.de0001@hotworx.net; manager.eastmemphis@hotworx.net; manager.fl0001@hotworx.net; manager.fl0006@hotworx.net; manager.fl0010@hotworx.net; manager.fl0011@hotworx.net; manager.fl0012@hotworx.net; manager.fl0013@hotworx.net; manager.fl0016@hotworx.net; manager.fl0021@hotworx.net; manager.fl0025@hotworx.net; manager.fl0026@hotworx.net; manager.fl0027@hotworx.net; manager.fl0028@hotworx.net; manager.fl0030@hotworx.net; manager.fl0033@hotworx.net; manager.fl0034@hotworx.net; manager.fl0038@hotworx.net; manager.fl0039@hotworx.net; manager.fl0048@hotworx.net; manager.fl0052@hotworx.net; manager.fl0057@hotworx.net; manager.fl0062@hotworx.net; manager.fl0063@hotworx.net; manager.fl0069@hotworx.net; manager.fl0078@hotworx.net; manager.fl0079@hotworx.net; manager.fl0080@hotworx.net; manager.fl0085@hotworx.net; manager.fl0086@hotworx.net; manager.fl0088@hotworx.net; manager.fl0089@hotworx.net; manager.fl0094@hotworx.net; manager.fl0099@hotworx.net; manager.fl0101@hotworx.net; manager.fl0105@hotworx.net; manager.fl0111@hotworx.net; manager.fl0112@hotworx.net; manager.fl0113@hotworx.net; manager.fl0116@hotworx.net; manager.fl0117@hotworx.net; manager.fl0118@hotworx.net; manager.fl0121@hotworx.net; manager.fl0125@hotworx.net; manager.fl0128@hotworx.net; manager.fl0131@hotworx.net; manager.fl0134@hotworx.net; manager.fl0135@hotworx.net; manager.fl0140@hotworx.net; manager.fl0143@hotworx.net; manager.fl0147@hotworx.net; manager.fl0150@hotworx.net; manager.fl0151@hotworx.net; manager.fl0154@hotworx.net; manager.fl0162@hotworx.net; manager.fl0166@hotworx.net; manager.fl0169@hotworx.net; manager.fl0170@hotworx.net; manager.fl0172@hotworx.net; manager.fl0173@hotworx.net; manager.fl0174@hotworx.net; manager.fl0181@hotworx.net; manager.fl0182@hotworx.net; manager.fl0185@hotworx.net; manager.fl0187@hotworx.net; manager.fl0191@hotworx.net; manager.fl0195@hotworx.net; manager.fl0197@hotworx.net; manager.fl0201@hotworx.net; manager.fl0203@hotworx.net; manager.ga0002@hotworx.net; manager.ga0003@hotworx.net; manager.ga0005@hotworx.net; manager.ga0011@hotworx.net; manager.ga0015@hotworx.net; manager.ga0016@hotworx.net; manager.ga0018@hotworx.net; manager.ga0021@hotworx.net; manager.ga0022@hotworx.net; manager.ga0024@hotworx.net; manager.ga0025@hotworx.net; manager.ga0026@hotworx.net; manager.ga0034@hotworx.net; manager.ga0035@hotworx.net; manager.ga0036@hotworx.net; manager.ga0037@hotworx.net; manager.ga0038@hotworx.net; manager.ga0040@hotworx.net; manager.ga0044@hotworx.net; manager.ga0052@hotworx.net; manager.ga0053@hotworx.net; manager.ga0056@hotworx.net; manager.ga0059@hotworx.net; manager.ga0060@hotworx.net; manager.ga0064@hotworx.net; manager.ga0065@hotworx.net; manager.ga0067@hotworx.net; manager.ga0070@hotworx.net; manager.ga0075@hotworx.net; manager.ga0077@hotworx.net; manager.ga0078@hotworx.net; manager.ga0079@hotworx.net; manager.ga0082@hotworx.net; manager.ga0084@hotworx.net; manager.ga0087@hotworx.net; manager.ga0088@hotworx.net; manager.ga0089@hotworx.net; manager.ga0095@hotworx.net; manager.ga0098@hotworx.net; manager.ga0099@hotworx.net; manager.ga0102@hotworx.net; manager.gainesville.uf@hotworx.net; manager.ia0001@hotworx.net; manager.ia0002@hotworx.net; manager.ia0003@hotworx.net; manager.ia0004@hotworx.net; manager.ia0006@hotworx.net; manager.ia0007@hotworx.net; manager.ia0008@hotworx.net; manager.ia0010@hotworx.net; manager.ia0012@hotworx.net; manager.ia0013@hotworx.net; manager.ia0015@hotworx.net; manager.ia0016@hotworx.net; manager.ia0019@hotworx.net; manager.ia0021@hotworx.net; manager.ia0023@hotworx.net; manager.ia0024@hotworx.net; manager.ia0025@hotworx.net; manager.ia0030@hotworx.net; manager.id0003@hotworx.net; manager.id0004@hotworx.net; manager.id0009@hotworx.net; manager.id0010@hotworx.net; manager.id0013@hotworx.net; manager.id0015@hotworx.net; manager.id0016@hotworx.net; manager.ie0001@hotworx.net; manager.il0002@hotworx.net; manager.il0006@hotworx.net; manager.il0007@hotworx.net; manager.il0008@hotworx.net; manager.il0014@hotworx.net; manager.il0015@hotworx.net; manager.il0018@hotworx.net; manager.il0019@hotworx.net; manager.il0022@hotworx.net; manager.il0025@hotworx.net; manager.il0028@hotworx.net; manager.il0029@hotworx.net; manager.il0031@hotworx.net; manager.il0032@hotworx.net; manager.il0033@hotworx.net; manager.il0035@hotworx.net; manager.il0036@hotworx.net; manager.il0039@hotworx.net; manager.il0040@hotworx.net; manager.il0042@hotworx.net; manager.il0044@hotworx.net; manager.il0045@hotworx.net; manager.il0047@hotworx.net; manager.il0050@hotworx.net; manager.il0051@hotworx.net; manager.il0053@hotworx.net; manager.il0054@hotworx.net; manager.il0065@hotworx.net; manager.in0002@hotworx.net; manager.in0004@hotworx.net; manager.in0005@hotworx.net; manager.in0006@hotworx.net; manager.in0009@hotworx.net; manager.in0012@hotworx.net; manager.in0013@hotworx.net; manager.in0016@hotworx.net; manager.in0017@hotworx.net; manager.in0018@hotworx.net; manager.in0022@hotworx.net; manager.in0023@hotworx.net; manager.in0026@hotworx.net; manager.in0027@hotworx.net; manager.in0029@hotworx.net; manager.in0031@hotworx.net; manager.keller@hotworx.net; manager.ks0002@hotworx.net; manager.ks0003@hotworx.net; manager.ks0005@hotworx.net; manager.ks0006@hotworx.net; manager.ks0007@hotworx.net; manager.ks0009@hotworx.net; manager.ks0010@hotworx.net; manager.ks0011@hotworx.net; manager.ks0012@hotworx.net; manager.ks0015@hotworx.net; manager.ky0002@hotworx.net; manager.ky0004@hotworx.net; manager.ky0006@hotworx.net; manager.ky0010@hotworx.net; manager.ky0013@hotworx.net; manager.ky0014@hotworx.net; manager.ky0017@hotworx.net; manager.ky0019@hotworx.net; manager.ky0021@hotworx.net; manager.ky0022@hotworx.net; manager.la0002@hotworx.net; manager.la0005@hotworx.net; manager.la0006@hotworx.net; manager.la0008@hotworx.net; manager.la0009@hotworx.net; manager.la0010@hotworx.net; manager.la0012@hotworx.net; manager.la0013@hotworx.net; manager.la0014@hotworx.net; manager.la0015@hotworx.net; manager.la0019@hotworx.net; manager.la0020@hotworx.net; manager.la0021@hotworx.net; manager.la0023@hotworx.net; manager.la0024@hotworx.net; manager.la0026@hotworx.net; manager.la0033@hotworx.net; manager.la0034@hotworx.net; manager.la0035@hotworx.net; manager.la0036@hotworx.net; manager.la0037@hotworx.net; manager.la0038@hotworx.net; manager.la0039@hotworx.net; manager.la0040@hotworx.net; manager.la0044@hotworx.net; manager.la0045@hotworx.net; manager.la0046@hotworx.net; manager.la0047@hotworx.net; manager.la0048@hotworx.net; manager.la0049@hotworx.net; manager.lakeland@hotworx.net; manager.lubbock@hotworx.net; manager.ma0001@hotworx.net; manager.ma0003@hotworx.net; manager.ma0004@hotworx.net; manager.ma0005@hotworx.net; manager.ma0006@hotworx.net; manager.ma0007@hotworx.net; manager.ma0012@hotworx.net; manager.ma0013@hotworx.net; manager.madison@hotworx.net; manager.md0001@hotworx.net; manager.md0002@hotworx.net; manager.md0006@hotworx.net; manager.md0007@hotworx.net; manager.md0010@hotworx.net; manager.md0011@hotworx.net; manager.md0014@hotworx.net; manager.me0001@hotworx.net; manager.mi0001@hotworx.net; manager.mi0002@hotworx.net; manager.mi0010@hotworx.net; manager.mi0011@hotworx.net; manager.mi0015@hotworx.net; manager.mi0016@hotworx.net; manager.mi0017@hotworx.net; manager.mi0020@hotworx.net; manager.mi0021@hotworx.net; manager.mi0022@hotworx.net; manager.mi0023@hotworx.net; manager.mi0030@hotworx.net; manager.mi0032@hotworx.net; manager.mi0035@hotworx.net; manager.mi0038@horworx.net; manager.miami.dadeland@hotworx.net; manager.mn0001@hotworx.net; manager.mn0004@hotworx.net; manager.mn0006@hotworx.net; manager.mn0009@hotworx.net; manager.mn0012@hotworx.net; manager.mn0018@hotworx.net; manager.mn0019@hotworx.net; manager.mn0022@hotworx.net; manager.mn0024@hotworx.net; manager.mn0025@hotworx.net; manager.mn0026@hotworx.net; manager.mn0032@hotworx.net; manager.mn0034@hotworx.net; manager.mo0001@hotworx.net; manager.mo0002@hotworx.net; manager.mo0004@hotworx.net; manager.mo0007@hotworx.net; manager.mo0014@hotworx.net; manager.mo0015@hotworx.net; manager.mo0017@hotworx.net; manager.mo0018@hotworx.net; manager.mo0019@hotworx.net; manager.mo0020@hotworx.net; manager.mo0021@hotworx.net; manager.mo0025@hotworx.net; manager.mo0027@hotworx.net; manager.mo0030@hotworx.net; manager.mo0036@hotworx.net; manager.mo0037@hotworx.net; manager.mo0038@hotworx.net; manager.mo0043@hotworx.net; manager.mo0045@hotworx.net; manager.ms0001@hotworx.net; manager.ms0004@hotworx.net; manager.ms0007@hotworx.net; manager.ms0010@hotworx.net; manager.ms0012@hotworx.net; manager.ms0014@hotworx.net; manager.ms0015@hotworx.net; manager.ms0016@hotworx.net; manager.ms0018@hotworx.net; manager.ms0019@hotworx.net; manager.ms0020@hotworx.net; manager.ms0021@hotworx.net; manager.ms0022@hotworx.net; manager.mt0001@hotworx.net; manager.mt0003@hotworx.net; manager.mt0006@hotworx.net; manager.nc0003@hotworx.net; manager.nc0005@hotworx.net; manager.nc0007@hotworx.net; manager.nc0008@hotworx.net; manager.nc0009@hotworx.net; manager.nc0010@hotworx.net; manager.nc0015@hotworx.net; manager.nc0016@hotworx.net; manager.nc0017@hotworx.net; manager.nc0019@hotworx.net; manager.nc0021@hotworx.net; manager.nc0022@hotworx.net; manager.nc0023@hotworx.net; manager.nc0026@hotworx.net; manager.nc0029@hotworx.net; manager.nc0030@hotworx.net; manager.nc0031@hotworx.net; manager.nc0032@hotworx.net; manager.nc0035@hotworx.net; manager.nc0038@hotworx.net; manager.nc0043@hotworx.net; manager.nc0044@hotworx.net; manager.nc0045@hotworx.net; manager.nc0050@hotworx.net; manager.nc0051@hotworx.net; manager.nc0053@hotworx.net; manager.nc0057@hotworx.net; manager.nc0059@hotworx.net; manager.nc0067@hotworx.net; manager.nc0069@hotworx.net; manager.nc0070@hotworx.net; manager.nd0001@hotworx.net; manager.nd0002@hotworx.net; manager.nd0003@hotworx.net; manager.nd0006@hotworx.net; manager.ne0001@hotworx.net; manager.ne0002@hotworx.net; manager.ne0003@hotworx.net; manager.ne0004@hotworx.net; manager.ne0005@hotworx.net; manager.ne0006@hotworx.net; manager.ne0007@hotworx.net; manager.ne0009@hotworx.net; manager.ne0010@hotworx.net; manager.ne0012@hotworx.net; manager.ne0013@hotworx.net; manager.ne0015@hotworx.net; manager.ne0018@hotworx.net; manager.ne0019@hotworx.net; manager.ne0020@hotworx.net; manager.ne0021@hotworx.net; manager.ne0022@hotworx.net; manager.ne0023@hotworx.net; manager.nh0001@hotworx.net; manager.nh0004@hotworx.net; manager.nh0005@hotworx.net; manager.nh0007@hotworx.net; manager.nh0008@hotworx.net; manager.nh0012@hotworx.net; manager.nh0013@hotworx.net; manager.nh0017@hotworx.net; manager.nh0022@hotworx.net; manager.nh0023@hotworx.net; manager.nj0002@hotworx.net; manager.nj0003@hotworx.net; manager.nj0010@hotworx.net; manager.nj0013@hotworx.net; manager.nj0014@hotworx.net; manager.nj0016@hotworx.net; manager.nj0017@hotworx.net; manager.nj0020@hotworx.net; manager.nj0021@hotoworx.net; manager.nj0024@hotworx.net; manager.nm0002@hotworx.net; manager.nm0003@hotworx.net; manager.nm0004@hotworx.net; manager.nm0005@hotworx.net; manager.nm0006@hotworx.net; manager.nm0007@hotworx.net; manager.nm0010@hotworx.net; manager.nm0011@hotworx.net; manager.nv0001@hotworx.net; manager.nv0003@hotworx.net; manager.nv0004@hotworx.net; manager.nv0005@hotworx.net; manager.nv0010@hotworx.net; manager.nv0011@hotworx.net; manager.nv0014@hotworx.net; manager.nv0018@hotworx.net; manager.nv0019@hotworx.net; manager.nv0025@hotworx.net; manager.ny0001@hotworx.net; manager.ny0004@hotworx.net; manager.ny0007@hotworx.net; manager.ny0017@hotworx.net; manager.ny0018@hotworx.net; manager.ny0021@hotworx.net; manager.ny0022@hotworx.net; manager.ny0024@hotworx.net; manager.ny0027@hotworx.net; manager.ny0031@hotworx.net; manager.ny0032@hotworx.net; manager.ny0033@hotworx.net; manager.ny0036@hotworx.net; manager.ny0037@hotworx.net; manager.ny0039@hotworx.net; manager.ny0040@hotworx.net; manager.ny0042@hotworx.net; manager.ny0043@hotworx.net; manager.ny0050@hotworx.net; manager.ny0051@hotworx.net; manager.ny0055@hotworx.net; manager.oh0002@hotworx.net; manager.oh0005@hotworx.net; manager.oh0007@hotworx.net; manager.oh0008@hotworx.net; manager.oh0009@hotworx.net; manager.oh0010@hotworx.net; manager.oh0011@hotworx.net; manager.oh0013@hotworx.net; manager.oh0014@hotworx.net; manager.oh0016@hotworx.net; manager.oh0023@hotworx.net; manager.oh0024@hotworx.net; manager.oh0030@hotworx.net; manager.oh0035@hotworx.net; manager.oh0037@hotworx.net; manager.oh0038@hotworx.net; manager.oh0039@hotworx.net; manager.oh0041@hotworx.net; manager.oh0043@hotworx.net; manager.oh0044@hotworx.net; manager.ok0001@hotworx.net; manager.ok0002@hotworx.net; manager.ok0004@hotworx.net; manager.ok0005@hotworx.net; manager.ok0008@hotworx.net; manager.ok0009@hotworx.net; manager.ok0013@hotworx.net; manager.ok0014@hotworx.net; manager.ok0016@hotworx.net; manager.ok0019@hotworx.net; manager.ok0020@hotworx.net; manager.ok0022@hotworx.net; manager.ok0024@hotworx.net; manager.ok0027@hotworx.net; manager.ok0028@hotworx.net; manager.ok0030@hotworx.net; manager.ok0034@hotworx.net; manager.ok0035@hotworx.net; manager.ok0036@hotworx.net; manager.on0001@hotworx.net; manager.or0001@hotworx.net; manager.or0004@hotworx.net; manager.or0005@hotworx.net; manager.or0015@hotworx.net; manager.or0019@hotworx.net; manager.orlando.uniblvd@hotworx.net; manager.pa0002@hotworx.net; manager.pa0003@hotworx.net; manager.pa0006@hotworx.net; manager.pa0010@hotworx.net; manager.pa0011@hotworx.net; manager.pa0012@hotworx.net; manager.pa0015@hotworx.net; manager.pa0021@hotworx.net; manager.pa0024@hotworx.net; manager.pa0027@hotworx.net; manager.pa0028@hotworx.net; manager.pa0029@hotworx.net; manager.pa0030@hotworx.net; manager.pa0034@hotworx.net; manager.pa0041@hotworx.net; manager.pa0048@hotworx.net; manager.pa0050@hotworx.net; manager.pa0053@hotworx.net; manager.qc0001@hotworx.net; manager.raleigh@hotworx.net; manager.rsm@hotworx.net; manager.sanjose.downtown@hotworx.net; manager.sau0001@hotworx.net; manager.sc0004@hotworx.net; manager.sc0005@hotworx.net; manager.sc0006@hotworx.net; manager.sc0008@hotworx.net; manager.sc0009@hotworx.net; manager.sc0014@hotworx.net; manager.sc0023@hotworx.net; manager.sc0024@hotworx.net; manager.sc0025@hotworx.net; manager.sc0026@hotworx.net; manager.sc0027@hotworx.net; manager.sc0028@hotworx.net; manager.sc0032@hotworx.net; manager.sc0034@hotworx.net; manager.sc0035@hotworx.net; manager.sc0037@hotworx.net; manager.sc0038@hotworx.net; manager.sc0042@hotworx.net; manager.sd0003@hotworx.net; manager.sd0006@hotworx.net; manager.starkville@hotworx.net; manager.tc0349@hotworx.net; manager.tn0001@hotworx.net; manager.tn0004@hotworx.net; manager.tn0008@hotworx.net; manager.tn0014@hotworx.net; manager.tn0017@hotworx.net; manager.tn0018@hotworx.net; manager.tn0019@hotworx.net; manager.tn0024@hotworx.net; manager.tn0025@hotworx.net; manager.tn0026@hotworx.net; manager.tn0027@hotworx.net; manager.tn0028@hotworx.net; manager.tn0029@hotworx.net; manager.tn0034@hotworx.net; manager.tn0036@hotworx.net; manager.tn0037@hotworx.net; manager.tn0038@hotworx.net; manager.tn0039@hotworx.net; manager.tn0041@hotworx.net; manager.tn0042@hotworx.net; manager.tn0045@hotworx.net; manager.tn0046@hotworx.net; manager.tn0048@hotworx.net; manager.tn0054@hotworx.net; manager.tn0055@hotworx.net; manager.tn0059@hotworx.net; manager.tn0062@hotworx.net; manager.tn0063@hotworx.net; manager.tn0065@hotworx.net; manager.tn0068@hotworx.net; manager.tn0070@hotworx.net; manager.tx0001@hotworx.net; manager.tx0003@hotworx.net; manager.tx0004@hotworx.net; manager.tx0006@hotworx.net; manager.tx0012@hotworx.net; manager.tx0017@hotworx.net; manager.tx0022@hotworx.net; manager.tx0023@hotworx.net; manager.tx0025@hotworx.net; manager.tx0026@hotworx.net; manager.tx0027@hotworx.net; manager.tx002@gmail.com; manager.tx0031@hotworx.net; manager.tx0032@hotworx.net; manager.tx0034@hotworx.net; manager.tx0035@hotworx.net; manager.tx0036@hotworx.net; manager.tx0037@hotworx.net; manager.tx0042@hotworx.net; manager.tx0043@hotworx.net; manager.tx0045@hotworx.net; manager.tx0046@hotworx.net; manager.tx0047@hotworx.net; manager.tx0048@hotworx.net; manager.tx0049@hotworx.net; manager.tx0051@hotworx.net; manager.tx0054@hotworx.net; manager.tx0055@hotworx.net; manager.tx0056@hotworx.net; manager.tx0057@hotworx.net; manager.tx0058@hotworx.net; manager.tx0063@hotworx.net; manager.tx0065@hotworx.net; manager.tx0066@hotworx.net; manager.tx0067@hotworx.net; manager.tx0068@hotworx.net; manager.tx0069@hotworx.net; manager.tx0070@hotworx.net; manager.tx0071@hotworx.net; manager.tx0072@hotworx.net; manager.tx0073@hotworx.net; manager.tx0078@hotworx.net; manager.tx0079@hotworx.net; manager.tx0082@hotworx.net; manager.tx0083@hotworx.net; manager.tx0084@hotworx.net; manager.tx0086@hotworx.net; manager.tx0087@hotworx.net; manager.tx0089@hotworx.net; manager.tx0090@hotworx.net; manager.tx0091@hotworx.net; manager.tx0092@hotworx.net; manager.tx0093@hotworx.net; manager.tx0094@hotworx.net; manager.tx0095@hotworx.net; manager.tx0096@hotworx.net; manager.tx0097@hotworx.net; manager.tx0100@hotworx.net; manager.tx0101@hotworx.net; manager.tx0104@hotworx.net; manager.tx0105@hotworx.net; manager.tx0106@hotworx.net; manager.tx0111@hotworx.net; manager.tx0112@hotworx.net; manager.tx0115@hotworx.net; manager.tx0116@hotworx.net; manager.tx0119@hotworx.net; manager.tx0120@hotworx.net; manager.tx0123@hotworx.net; manager.tx0124@hotworx.net; manager.tx0126@hotworx.net; manager.tx0127@hotworx.net; manager.tx0128@hotworx.net; manager.tx0129@hotworx.net; manager.tx0131@hotworx.net; manager.tx0132@hotworx.net; manager.tx0136@hotworx.net; manager.tx0137@hotworx.net; manager.tx0138@hotworx.net; manager.tx0140@hotworx.net; manager.tx0141@hotworx.net; manager.tx0142@hotworx.net; manager.tx0143@hotworx.net; manager.tx0144@hotworx.net; manager.tx0146@hotworx.net; manager.tx0147@hotworx.net; manager.tx0148@hotworx.net; manager.tx0149@hotworx.net; manager.tx0151@hotworx.net; manager.tx0154@hotworx.net; manager.tx0156@hotworx.net; manager.tx0157@hotworx.net; manager.tx0160@hotworx.net; manager.tx0162@hotworx.net; manager.tx0167@hotworx.net; manager.tx0168@hotworx.net; manager.tx0169@hotworx.net; manager.tx0171@hotworx.net; manager.tx0172@hotworx.net; manager.tx0174@hotworx.net; manager.tx0176@hotworx.net; manager.tx0177@hotworx.net; manager.tx0181@hotworx.net; manager.tx0183@hotworx.net; manager.tx0185@hotworx.net; manager.tx0187@hotworx.net; manager.tx0188@hotworx.net; manager.tx0189@hotworx.net; manager.tx0190@hotworx.net; manager.tx0191@hotworx.net; manager.tx0194@hotworx.net; manager.tx0195@hotworx.net; manager.tx0196@hotworx.net; manager.tx0198@hotworx.net; manager.tx0199@hotworx.net; manager.tx0200@hotworx.net; manager.tx0205@hotworx.net; manager.tx0206@hotworx.net; manager.tx0207@hotworx.net; manager.tx0210@hotworx.net; manager.tx0211@hotworx.net; manager.tx0216@hotworx.net; manager.tx0217@hotworx.net; manager.tx0219@hotworx.net; manager.tx0220@hotworx.net; manager.tx0221@hotworx.net; manager.tx0222@hotworx.net; manager.tx0223@hotworx.net; manager.tx0224@hotworx.net; manager.tx0225@hotworx.net; manager.tx0226@hotworx.net; manager.tx0227@hotworx.net; manager.tx0228@hotworx.net; manager.tx0229@hotworx.net; manager.tx0230@hotworx.net; manager.tx0233@hotworx.net; manager.tx0234@hotworx.net; manager.tx0238@hotworx.net; manager.tx0240@hotworx.net; manager.tx0241@hotworx.net; manager.tx0242@hotworx.net; manager.tx0243@hotworx.net; manager.tx0244@hotworx.net; manager.tx0245@hotworx.net; manager.tx0246@hotworx.net; manager.tx0249@hotworx.net; manager.tx0250@hotworx.net; manager.tx0251@hotworx.net; manager.tx0252@hotworx.net; manager.tx0254@hotworx.net; manager.tx0255@hotworx.net; manager.tx0256@hotworx.net; manager.tx0259@hotworx.net; manager.tx0261@hotworx.net; manager.tx0264@hotworx.net; manager.tx0265@hotworx.net; manager.tx0267@hotworx.net; manager.tx0268@hotworx.net; manager.tx0269@hotworx.net; manager.tx0270@hotworx.net; manager.tx0271@hotworx.net; manager.tx0273@hotworx.net; manager.tx0275@hotworx.net; manager.tx0276@hotworx.net; manager.tx0277@hotworx.net; manager.tx0278@hotworx.net; manager.tx0279@hotworx.net; manager.tx0280@hotworx.net; manager.tx0283@hotworx.net; manager.tx0285@hotworx.net; manager.tx0286@hotworx.net; manager.tx0288@hotworx.net; manager.tx0289@hotworx.net; manager.tx0292@hotworx.net; manager.tx0293@hotworx.net; manager.tx0296@hotworx.net; manager.tx0302@hotworx.net; manager.tx0303@hotworx.net; manager.tx0304@hotworx.net; manager.tx0305@hotworx.net; manager.tx0306@hotworx.net; manager.tx0307@hotworx.net; manager.tx0310@hotworx.net; manager.tx0311@hotworx.net; manager.tx0312@hotworx.net; manager.tx0316@hotworx.net; manager.tx0322@hotworx.net; manager.tx0326@hotworx.net; manager.tx0327@hotworx.net; manager.tx0331@hotworx.net; manager.tx0332@hotworx.net; manager.tx0333@hotworx.net; manager.tx0336@hotworx.net; manager.tx0339@hotworx.net; manager.tx0342@hotworx.net; manager.tx0343@hotworx.net; manager.tx0346@hotworx.net; manager.tx0347@hotworx.net; manager.tx0350@hotworx.net; manager.uae001@hotworx.net; manager.ut0001@hotworx.net; manager.ut0002@hotworx.net; manager.ut0004@hotworx.net; manager.ut0005@hotworx.net; manager.ut0008@hotworx.net; manager.ut0009@hotworx.net; manager.ut0010@hotworx.net; manager.ut0011@hotworx.net; manager.ut0014@hotworx.net; manager.ut0015@hotworx.net; manager.ut0018@hotworx.net; manager.ut0019@hotworx.net; manager.ut0022@hotworx.net; manager.ut0026@hotworx.net; manager.ut0027@hotworx.net; manager.ut0028@hotworx.net; manager.ut0030@hotworx.net; manager.ut0031@hotworx.net; manager.ut0033@hotworx.net; manager.ut0036@hotworx.net; manager.va0004@hotworx.net; manager.va0005@hotworx.net; manager.va0010@hotworx.net; manager.va0012@hotworx.net; manager.va0013@hotworx.net; manager.va0016@hotworx.net; manager.va0017@hotworx.net; manager.va0022@hotworx.net; manager.va0024@hotworx.net; manager.va0025@hotworx.net; manager.va0026@hotworx.net; manager.va0027@hotworx.net; manager.va0029@hotworx.net; manager.va0030@hotworx.net; manager.va0032@hotworx.net; manager.wa0001@hotworx.net; manager.wa0004@hotworx.net; manager.wa0005@hotworx.net; manager.wa0008@hotworx.net; manager.wa0009@hotworx.net; manager.wa0010@hotworx.net; manager.wa0014@hotworx.net; manager.wa0015@hotworx.net; manager.wa0021@hotworx.net; manager.wa0022@hotworx.net; manager.wa0025@hotworx.net; manager.wa0026@hotworx.net; manager.wa0029@hotworx.net; manager.wa0032@hotworx.net; manager.wa0037@hotworx.net; manager.wa0038@hotworx.net; manager.wa0040@hotworx.net; manager.wa0043@hotworx.net; manager.wa0044@hotworx.net; manager.wa0045@hotworx.net; manager.wa0046@hotworx.net; manager.wa0048@hotworx.net; manager.wa0049@hotworx.net; manager.wi0002@hotworx.net; manager.wi0003@hotworx.net; manager.wi0004@hotworx.net; manager.wi0006@hotworx.net; manager.wi0009@hotworx.net; manager.wi0011@hotworx.net; manager.wi0020@hotworx.net; manager.wi0021@hotworx.net; manager.wi0023@hotworx.net; manager.wi0025@hotworx.net; manager.wv0001@hotworx.net; manager.wv0002@hotworx.net; manager.wv0003@hotworx.net; miami.dadeland@hotworx.net; murfreesboro.srutherford@hotworx.net; orlando.uniblvd@hotworx.net; raleigh@hotworx.net; rsm@hotworx.net; sanjose.downtown@hotworx.net; starkville@hotworx.net; studio.ab0001@hotworx.net; studio.ab0004@hotworx.net; studio.ak0004@hotworx.net; studio.al0001@hotworx.net; studio.al0002@hotworx.net; studio.al0006@hotworx.net; studio.al0008@hotworx.net; studio.al0009@hotworx.net; studio.al0017@hotworx.net; studio.al0018@hotworx.net; studio.al0020@hotworx.net; studio.al0024@hotworx.net; studio.al0025@hotworx.net; studio.al0026@hotworx.net; studio.al0027@hotworx.net; studio.al0028@hotworx.net; studio.al0029@hotworx.net; studio.al0032@hotworx.net; studio.al0035@hotworx.net; studio.al0036@hotworx.net; studio.al0037@hotworx.net; studio.ar0002@hotworx.net; studio.ar0003@hotworx.net; studio.ar0004@hotworx.net; studio.ar0005@hotworx.net; studio.ar0008@hotworx.net; studio.ar0009@hotworx.net; studio.ar0010@hotworx.net; studio.ar0011@gmail.com; studio.ar0014@hotworx.net; studio.ar0020@hotworx.net; studio.ar0021@hotworx.net; studio.az0010@hotworx.net; studio.az0012@hotworx.net; studio.az0013@hotworx.net; studio.az0014@hotworx.net; studio.az0017@hotworx.net; studio.az0018@hotworx.net; studio.az0021@hotworx.net; studio.az0026@hotworx.net; studio.az0028@hotworx.net; studio.az0032@hotworx.net; studio.az0035@hotworx.net; studio.az0039@hotworx.net; studio.az0045@hotworx.net; studio.az0047@hotworx.net; studio.az0048@hotworx.net; studio.az0050@hotworx.net; studio.ca0002@hotworx.net; studio.ca0010@hotworx.net; studio.ca0024@hotworx.net; studio.ca0025@hotworx.net; studio.ca0030@hotworx.net; studio.ca0036@hotworx.net; studio.ca0038@hotworx.net; studio.ca0039@hotworx.net; studio.ca0040@hotworx.net; studio.ca0043@hotworx.net; studio.ca0048@hotworx.net; studio.ca0050@hotworx.net; studio.ca0053@hotworx.net; studio.ca0054@hotworx.net; studio.ca0055@hotworx.net; studio.ca0057@hotworx.net; studio.ca0059@hotworx.net; studio.ca0060@hotworx.net; studio.ca0062@hotworx.net; studio.ca0066@hotworx.net; studio.ca0067@hotworx.net; studio.ca0068@hotworx.net; studio.ca0069@hotworx.net; studio.ca0071@hotworx.net; studio.ca0076@hotworx.net; studio.ca0078@hotworx.net; studio.ca0079@hotworx.net; studio.ca0080@hotworx.net; studio.ca0085@hotworx.net; studio.ca0090@hotworx.net; studio.ca0093@hotworx.net; studio.ca0094@hotworx.net; studio.ca0095@hotworx.net; studio.ca0099@hotworx.net; studio.ca0102@hotworx.net; studio.ca0106@hotworx.net; studio.ca0109@hotworx.net; studio.ca0113@hotworx.net; studio.ca0116@hotworx.net; studio.ca0120@hotworx.net; studio.ca0127@hotworx.net; studio.ca0128@hotworx.net; studio.ca0134@hotworx.net; studio.ca0140@hotworx.net; studio.ca0141@hotworx.net; studio.ca0142@hotworx.net; studio.ca0144@hotworx.net; studio.ca0147@hotworx.net; studio.ca0148@hotworx.net; studio.ca0152@hotworx.net; studio.ca0153@hotworx.net; studio.co0003@hotworx.net; studio.co0006@hotworx.net; studio.co0007@hotworx.net; studio.co0010@hotworx.net; studio.co0014@hotworx.net; studio.co0017@hotworx.net; studio.co0023@hotworx.net; studio.co0024@hotworx.net; studio.co0027@hotworx.net; studio.co0029@hotworx.net; studio.co0032@hotworx.net; studio.co0033@hotworx.net; studio.co0036@hotworx.net; studio.co0037@hotworx.net; studio.co0047@hotworx.net; studio.co0048@hotworx.net; studio.co0051@hotworx.net; studio.co0054@hotworx.net; studio.co0055@hotworx.net; studio.co0057@hotworx.net; studio.co0058@hotworx.net; studio.co0059@hotworx.net; studio.co0062@hotworx.net; studio.co0063@hotworx.net; studio.co0065@hotworx.net; studio.co0066@hotworx.net; studio.ct0002@hotwotx.net; studio.de0001@hotworx.net; studio.fl0001@hotworx.net; studio.fl0006@hotworx.net; studio.fl0010@hotworx.net; studio.fl0011@hotworx.net; studio.fl0012@hotworx.net; studio.fl0013@hotworx.net; studio.fl0016@hotworx.net; studio.fl0021@hotworx.net; studio.fl0025@hotworx.net; studio.fl0026@hotworx.net; studio.fl0027@hotworx.net; studio.fl0028@hotworx.net; studio.fl0030@hotworx.net; studio.fl0033@hotworx.net; studio.fl0034@hotworx.net; studio.fl0038@hotworx.net; studio.fl0039@hotworx.net; studio.fl0048@hotworx.net; studio.fl0052@hotworx.net; studio.fl0057@hotworx.net; studio.fl0062@hotworx.net; studio.fl0063@hotworx.net; studio.fl0069@hotworx.net; studio.fl0078@hotworx.net; studio.fl0079@hotworx.net; studio.fl0080@hotworx.net; studio.fl0085@hotworx.net; studio.fl0086@hotworx.net; studio.fl0088@hotworx.net; studio.fl0089@hotworx.net; studio.fl0094@hotworx.net; studio.fl0099@hotworx.net; studio.fl0101@hotworx.net; studio.fl0105@hotworx.net; studio.fl0111@hotworx.net; studio.fl0112@hotworx.net; studio.fl0113@hotworx.net; studio.fl0116@hotworx.net; studio.fl0117@hotworx.net; studio.fl0118@hotworx.net; studio.fl0121@hotworx.net; studio.fl0125@hotworx.net; studio.fl0128@hotworx.net; studio.fl0131@hotworx.net; studio.fl0134@hotworx.net; studio.fl0135@hotworx.net; studio.fl0140@hotworx.net; studio.fl0143@hotworx.net; studio.fl0147@hotworx.net; studio.fl0150@hotworx.net; studio.fl0151@hotworx.net; studio.fl0154@hotworx.net; studio.fl0162@hotworx.net; studio.fl0166@hotworx.net; studio.fl0169@hotworx.net; studio.fl0170@hotworx.net; studio.fl0172@hotworx.net; studio.fl0173@hotworx.net; studio.fl0174@hotworx.net; studio.fl0181@hotworx.net; studio.fl0182@hotworx.net; studio.fl0185@hotworx.net; studio.fl0187@hotworx.net; studio.fl0191@hotworx.net; studio.fl0195@hotworx.net; studio.fl0197@hotworx.net; studio.fl0201@hotworx.net; studio.fl0203@hotworx.net; studio.ga0003@hotworx.net; studio.ga0005@hotworx.net; studio.ga0011@hotworx.net; studio.ga0015@hotworx.net; studio.ga0016@hotworx.net; studio.ga0018@hotworx.net; studio.ga0021@hotworx.net; studio.ga0022@hotworx.net; studio.ga0024@hotworx.net; studio.ga0025@hotworx.net; studio.ga0026@hotworx.net; studio.ga0034@hotworx.net; studio.ga0035@hotworx.net; studio.ga0036@hotworx.net; studio.ga0037@hotworx.net; studio.ga0038@hotworx.net; studio.ga0040@hotworx.net; studio.ga0044@hotworx.net; studio.ga0052@hotworx.net; studio.ga0053@hotworx.net; studio.ga0056@hotworx.net; studio.ga0059@hotworx.net; studio.ga0060@hotworx.net; studio.ga0064@hotworx.net; studio.ga0065@hotworx.net; studio.ga0067@hotworx.net; studio.ga0070@hotworx.net; studio.ga0075@hotworx.net; studio.ga0077@hotworx.net; studio.ga0078@hotworx.net; studio.ga0079@hotworx.net; studio.ga0082@hotworx.net; studio.ga0084@hotworx.net; studio.ga0087@hotworx.net; studio.ga0088@hotworx.net; studio.ga0089@hotworx.net; studio.ga0095@hotworx.net; studio.ga0098@hotworx.net; studio.ga0099@hotworx.net; studio.ga0102@hotworx.net; studio.ia0001@hotworx.net; studio.ia0002@hotworx.net; studio.ia0003@hotworx.net; studio.ia0004@hotworx.net; studio.ia0006@hotworx.net; studio.ia0007@hotworx.net; studio.ia0008@hotworx.net; studio.ia0010@hotworx.net; studio.ia0012@hotworx.net; studio.ia0013@hotworx.net; studio.ia0015@hotworx.net; studio.ia0016@hotworx.net; studio.ia0019@hotworx.net; studio.ia0021@hotworx.net; studio.ia0023@hotworx.net; studio.ia0024@hotworx.net; studio.ia0025@hotworx.net; studio.ia0030@hotworx.net; studio.id0003@hotworx.net; studio.id0004@hotworx.net; studio.id0009@hotworx.net; studio.id0010@hotworx.net; studio.id0013@hotworx.net; studio.id0015@hotworx.net; studio.id0016@hotworx.net; studio.ie0001@hotworx.net; studio.il0002@hotworx.net; studio.il0006@hotworx.net; studio.il0007@hotworx.net; studio.il0008@hotworx.net; studio.il0014@hotworx.net; studio.il0015@hotworx.net; studio.il0018@hotworx.net; studio.il0019@hotworx.net; studio.il0022@hotworx.net; studio.il0025@hotworx.net; studio.il0028@hotworx.net; studio.il0029@hotworx.net; studio.il0031@hotworx.net; studio.il0032@hotworx.net; studio.il0033@hotworx.net; studio.il0035@hotworx.net; studio.il0036@hotworx.net; studio.il0039@hotworx.net; studio.il0040@hotworx.net; studio.il0042@hotworx.net; studio.il0044@hotworx.net; studio.il0045@hotworx.net; studio.il0047@hotworx.net; studio.il0050@hotworx.net; studio.il0051@hotworx.net; studio.il0053@hotworx.net; studio.il0054@hotworx.net; studio.il0056@hotworx.net; studio.in0002@hotworx.net; studio.in0004@hotworx.net; studio.in0005@hotworx.net; studio.in0006@hotworx.net; studio.in0009@hotworx.net; studio.in0012@hotworx.net; studio.in0013@hotworx.net; studio.in0016@hotworx.net; studio.in0017@hotworx.net; studio.in0018@hotworx.net; studio.in0022@hotworx.net; studio.in0023@hotworx.net; studio.in0026@hotworx.net; studio.in0027@hotworx.net; studio.in0029@hotworx.net; studio.in0031@hotworx.net; studio.ks0002@hotworx.net; studio.ks0003@hotworx.net; studio.ks0005@hotworx.net; studio.ks0006@hotworx.net; studio.ks0007@hotworx.net; studio.ks0009@hotworx.net; studio.ks0010@hotworx.net; studio.ks0011@hotworx.net; studio.ks0012@hotworx.net; studio.ks0015@hotworx.net; studio.ky0002@hotworx.net; studio.ky0004@hotworx.net; studio.ky0006@hotworx.net; studio.ky0010@hotworx.net; studio.ky0013@hotworx.net; studio.ky0014@hotworx.net; studio.ky0017@hotworx.net; studio.ky0019@hotworx.net; studio.ky0021@hotworx.net; studio.ky0022@hotworx.net; studio.la0002@hotworx.net; studio.la0005@hotworx.net; studio.la0006@hotworx.net; studio.la0008@hotworx.net; studio.la0009@hotworx.net; studio.la0010@hotworx.net; studio.la0012@hotworx.net; studio.la0013@hotworx.net; studio.la0014@hotworx.net; studio.la0015@hotworx.net; studio.la0019@hotworx.net; studio.la0020@hotworx.net; studio.la0021@hotworx.net; studio.la0023@hotworx.net; studio.la0024@hotworx.net; studio.la0026@hotworx.net; studio.la0033@hotworx.net; studio.la0034@hotworx.net; studio.la0035@hotworx.net; studio.la0036@hotworx.net; studio.la0037@hotworx.net; studio.la0038@hotworx.net; studio.la0039@hotworx.net; studio.la0040@hotworx.net; studio.la0044@hotworx.net; studio.la0045@hotworx.net; studio.la0046@hotworx.net; studio.la0047@hotworx.net; studio.la0048@hotworx.net; studio.la0049@hotworx.net; studio.ma0001@hotworx.net; studio.ma0003@hotworx.net; studio.ma0004@hotworx.net; studio.ma0005@hotworx.net; studio.ma0006@hotworx.net; studio.ma0007@hotworx.net; studio.ma0012@hotworx.net; studio.ma0013@hotworx.net; studio.md0001@hotworx.net; studio.md0002@hotworx.net; studio.md0006@hotworx.net; studio.md0007@hotworx.net; studio.md0010@hotworx.net; studio.md0011@hotworx.net; studio.md0014@hotworx.net; studio.me0001@hotworx.net; studio.mi0001@hotworx.net; studio.mi0002@hotworx.net; studio.mi0010@hotworx.net; studio.mi0011@hotworx.net; studio.mi0015@hotworx.net; studio.mi0016@hotworx.net; studio.mi0017@hotworx.net; studio.mi0020@hotworx.net; studio.mi0021@hotworx.net; studio.mi0022@hotworx.net; studio.mi0023@hotworx.net; studio.mi0030@hotworx.net; studio.mi0032@hotworx.net; studio.mi0035@hotworx.net; studio.mi0038@hotworx.net; studio.mn0001@hotworx.net; studio.mn0004@hotworx.net; studio.mn0006@hotworx.net; studio.mn0009@hotworx.net; studio.mn0012@hotworx.net; studio.mn0018@hotworx.net; studio.mn0019@hotworx.net; studio.mn0022@hotworx.net; studio.mn0024@hotworx.net; studio.mn0025@hotworx.net; studio.mn0026@hotworx.net; studio.mn0032@hotworx.net; studio.mn0034@hotworx.net; studio.mo0001@hotworx.net; studio.mo0002@hotworx.net; studio.mo0004@hotworx.net; studio.mo0007@hotworx.net; studio.mo0014@hotworx.net; studio.mo0015@hotworx.net; studio.mo0017@hotworx.net; studio.mo0018@hotworx.net; studio.mo0019@hotworx.net; studio.mo0020@hotworx.net; studio.mo0021@hotworx.net; studio.mo0025@hotworx.net; studio.mo0027@hotworx.net; studio.mo0030@hotworx.net; studio.mo0036@hotworx.net; studio.mo0037@hotworx.net; studio.mo0038@hotworx.net; studio.mo0043@hotworx.net; studio.mo0045@hotworx.net; studio.ms0001@hotworx.net; studio.ms0004@hotworx.net; studio.ms0007@hotworx.net; studio.ms0010@hotworx.net; studio.ms0012@hotworx.net; studio.ms0014@hotworx.net; studio.ms0015@hotworx.net; studio.ms0016@hotworx.net; studio.ms0018@hotworx.net; studio.ms0019@hotworx.net; studio.ms0020@hotworx.net; studio.ms0021@hotworx.net; studio.ms0022@hotworx.net; studio.mt0001@hotworx.net; studio.mt0003@hotworx.net; studio.mt0006@hotworx.net; studio.nc0003@hotworx.net; studio.nc0005@hotworx.net; studio.nc0007@hotworx.net; studio.nc0008@hotworx.net; studio.nc0009@hotworx.net; studio.nc0010@hotworx.net; studio.nc0015@hotworx.net; studio.nc0016@hotworx.net; studio.nc0017@hotworx.net; studio.nc0019@hotworx.net; studio.nc0021@hotworx.net; studio.nc0022@hotworx.net; studio.nc0023@hotworx.net; studio.nc0026@hotworx.net; studio.nc0029@hotworx.net; studio.nc0030@hotworx.net; studio.nc0031@hotworx.net; studio.nc0032@hotworx.net; studio.nc0035@hotworx.net; studio.nc0038@hotworx.net; studio.nc0043@hotworx.net; studio.nc0044@hotworx.net; studio.nc0045@hotworx.net; studio.nc0050@hotworx.net; studio.nc0051@hotworx.net; studio.nc0053@hotworx.net; studio.nc0057@hotworx.net; studio.nc0059@hotworx.net; studio.nc0067@hotworx.net; studio.nc0069@hotworx.net; studio.nc0070@hotworx.net; studio.nd0001@hotworx.net; studio.nd0002@hotworx.net; studio.nd0003@hotworx.net; studio.nd0006@hotworx.net; studio.ne0001@hotworx.net; studio.ne0002@hotworx.net; studio.ne0003@hotworx.net; studio.ne0004@hotworx.net; studio.ne0005@hotworx.net; studio.ne0006@hotworx.net; studio.ne0007@hotworx.net; studio.ne0009@hotworx.net; studio.ne0010@hotworx.net; studio.ne0012@hotworx.net; studio.ne0013@hotworx.net; studio.ne0015@hotworx.net; studio.ne0018@hotworx.net; studio.ne0019@hotworx.net; studio.ne0020@hotworx.net; studio.ne0021@hotworx.net; studio.ne0022@hotworx.net; studio.ne0023@hotworx.net; studio.nh0001@hotworx.net; studio.nh0004@hotworx.net; studio.nh0005@hotworx.net; studio.nh0007@hotworx.net; studio.nh0008@hotworx.net; studio.nh0012@hotworx.net; studio.nh0013@hotworx.net; studio.nh0017@hotworx.net; studio.nh0022@hotworx.net; studio.nh0023@hotworx.net; studio.nj0002@hotworx.net; studio.nj0003@hotworx.net; studio.nj0010@hotworx.net; studio.nj0013@hotworx.net; studio.nj0014@hotworx.net; studio.nj0016@hotworx.net; studio.nj0017@hotworx.net; studio.nj0020@hotworx.net; studio.nj0021@hotworx.net; studio.nj0024@hotworx.net; studio.nm0002@hotworx.net; studio.nm0003@hotworx.net; studio.nm0004@hotworx.net; studio.nm0005@hotworx.net; studio.nm0006@hotworx.net; studio.nm0007@hotworx.net; studio.nm0010@hotworx.net; studio.nm0011@hotworx.net; studio.nv00018@hotworx.net; studio.nv0001@hotworx.net; studio.nv0003@hotworx.net; studio.nv0004@hotworx.net; studio.nv0005@hotworx.net; studio.nv0010@hotworx.net; studio.nv0011@hotworx.net; studio.nv0014@hotworx.net; studio.nv0019@hotworx.net; studio.nv0025@hotworx.net; studio.ny0001@hotworx.net; studio.ny0004@hotworx.net; studio.ny0007@hotworx.net; studio.ny0017@hotworx.net; studio.ny0018@hotworx.net; studio.ny0021@hotworx.net; studio.ny0022@hotworx.net; studio.ny0024@hotworx.net; studio.ny0027@hotworx.net; studio.ny0031@hotworx.net; studio.ny0032@hotworx.net; studio.ny0033@hotworx.net; studio.ny0036@hotworx.net; studio.ny0037@hotworx.net; studio.ny0039@hotworx.net; studio.ny0040@hotworx.net; studio.ny0042@hotworx.net; studio.ny0043@hotworx.net; studio.ny0050@hotworx.net; studio.ny0051@hotworx.net; studio.ny0055@hotworx.net; studio.oh0002@hotworx.net; studio.oh0005@hotworx.net; studio.oh0007@hotworx.net; studio.oh0008@hotworx.net; studio.oh0009@hotworx.net; studio.oh0010@hotworx.net; studio.oh0011@hotworx.net; studio.oh0013@hotworx.net; studio.oh0014@hotworx.net; studio.oh0016@hotworx.net; studio.oh0023@hotworx.net; studio.oh0024@hotworx.net; studio.oh0030@hotworx.net; studio.oh0035@hotworx.net; studio.oh0037@hotworx.net; studio.oh0038@hotworx.net; studio.oh0039@hotworx.net; studio.oh0041@hotworx.net; studio.oh0043@hotworx.net; studio.oh0044@hotworx.net; studio.ok0001@hotworx.net; studio.ok0002@hotworx.net; studio.ok0004@hotworx.net; studio.ok0008@hotworx.net; studio.ok0009@hotworx.net; studio.ok0013@hotworx.net; studio.ok0014@hotworx.net; studio.ok0016@hotworx.net; studio.ok0019@hotworx.net; studio.ok0020@hotworx.net; studio.ok0022@hotworx.net; studio.ok0024@hotworx.net; studio.ok0027@hotworx.net; studio.ok0028@hotworx.net; studio.ok0030@hotworx.net; studio.ok0034@hotworx.net; studio.ok0035@hotworx.net; studio.ok0036@hotworx.net; studio.on0001@hotworx.net; studio.or0001@hotworx.net; studio.or0004@hotworx.net; studio.or0005@hotworx.net; studio.or0015@hotworx.net; studio.or0019@hotworx.net; studio.pa0002@hotworx.net; studio.pa0003@hotworx.net; studio.pa0006@hotworx.net; studio.pa0010@hotworx.net; studio.pa0011@hotworx.net; studio.pa0012@hotworx.net; studio.pa0015@hotworx.net; studio.pa0021@hotworx.net; studio.pa0024@hotworx.net; studio.pa0027@hotworx.net; studio.pa0028@hotworx.net; studio.pa0029@hotworx.net; studio.pa0030@hotworx.net; studio.pa0034@hotworx.net; studio.pa0041@hotworx.net; studio.pa0048@hotworx.net; studio.pa0050@hotworx.net; studio.pa0053@hotworx.net; studio.qc0001@hotworx.net; studio.sau0001@hotworx.net; studio.sc0004@hotworx.net; studio.sc0005@hotworx.net; studio.sc0006@hotworx.net; studio.sc0008@hotworx.net; studio.sc0009@hotworx.net; studio.sc0014@hotworx.net; studio.sc0023@hotworx.net; studio.sc0024@hotworx.net; studio.sc0025@hotworx.net; studio.sc0026@hotworx.net; studio.sc0027@hotworx.net; studio.sc0028@hotworx.net; studio.sc0032@hotworx.net; studio.sc0034@hotworx.net; studio.sc0035@hotworx.net; studio.sc0037@hotworx.net; studio.sc0038@hotworx.net; studio.sc0042@hotworx.net; studio.sd0003@hotworx.net; studio.sd0006@hotworx.net; studio.tn0001@hotworx.net; studio.tn0008@hotworx.net; studio.tn0017@hotworx.net; studio.tn0018@hotworx.net; studio.tn0019@hotworx.net; studio.tn0024@hotworx.net; studio.tn0025@hotworx.net; studio.tn0026@hotworx.net; studio.tn0027@hotworx.net; studio.tn0028@hotworx.net; studio.tn0029@hotworx.net; studio.tn0034@hotworx.net; studio.tn0036@hotworx.net; studio.tn0037@hotworx.net; studio.tn0038@hotworx.net; studio.tn0039@hotworx.net; studio.tn0041@hotworx.net; studio.tn0042@hotworx.net; studio.tn0045@hotworx.net; studio.tn0046@hotworx.net; studio.tn0048@hotworx.net; studio.tn0054@hotworx.net; studio.tn0055@hotworx.net; studio.tn0059@hotworx.net; studio.tn0062@hotworx.net; studio.tn0063@hotworx.net; studio.tn0065@hotworx.net; studio.tn0068@hotworx.net; studio.tn0070@hotworx.net; studio.tx0001@hotworx.net; studio.tx0003@hotworx.net; studio.tx0004@hotworx.net; studio.tx0006@hotworx.net; studio.tx0017@hotworx.net; studio.tx0022@hotworx.net; studio.tx0023@hotworx.net; studio.tx0025@hotworx.net; studio.tx0026@hotworx.net; studio.tx0027@hotworx.net; studio.tx0031@hotworx.net; studio.tx0032@hotworx.net; studio.tx0034@hotworx.net; studio.tx0035@hotworx.net; studio.tx0036@hotworx.net; studio.tx0037@hotworx.net; studio.tx0042@hotworx.net; studio.tx0043@hotworx.net; studio.tx0045@hotworx.net; studio.tx0046@hotworx.net; studio.tx0047@hotworx.net; studio.tx0048@hotworx.net; studio.tx0049@hotworx.net; studio.tx0051@hotworx.net; studio.tx0054@hotworx.net; studio.tx0055@hotworx.net; studio.tx0056@hotworx.net; studio.tx0057@hotworx.net; studio.tx0058@hotworx.net; studio.tx0063@hotworx.net; studio.tx0065@hotworx.net; studio.tx0066@hotworx.net; studio.tx0067@hotworx.net; studio.tx0068@hotworx.net; studio.tx0069@hotworx.net; studio.tx0070@hotworx.net; studio.tx0071@hotworx.net; studio.tx0072@hotworx.net; studio.tx0073@hotworx.net; studio.tx0078@hotworx.net; studio.tx0079@hotworx.net; studio.tx0082@hotworx.net; studio.tx0083@hotworx.net; studio.tx0084@hotworx.net; studio.tx0086@hotworx.net; studio.tx0087@hotworx.net; studio.tx0089@hotworx.net; studio.tx0090@hotworx.net; studio.tx0091@hotworx.net; studio.tx0092@hotworx.net; studio.tx0093@hotworx.net; studio.tx0094@hotworx.net; studio.tx0095@hotworx.net; studio.tx0096@hotworx.net; studio.tx0097@hotworx.net; studio.tx0100@hotworx.net; studio.tx0101@hotworx.net; studio.tx0104@hotworx.net; studio.tx0105@hotworx.net; studio.tx0106@hotworx.net; studio.tx0111@hotworx.net; studio.tx0112@hotworx.net; studio.tx0115@hotworx.net; studio.tx0116@hotworx.net; studio.tx0119@hotworx.net; studio.tx0120@hotworx.net; studio.tx0123@hotworx.net; studio.tx0124@hotworx.net; studio.tx0126@hotworx.net; studio.tx0127@hotworx.net; studio.tx0128@hotworx.net; studio.tx0129@hotworx.net; studio.tx0131@hotworx.net; studio.tx0132@hotworx.net; studio.tx0136@hotworx.net; studio.tx0137@hotworx.net; studio.tx0138@hotworx.net; studio.tx0140@hotworx.net; studio.tx0141@hotworx.net; studio.tx0142@hotworx.net; studio.tx0143@hotworx.net; studio.tx0144@hotworx.net; studio.tx0146@hotworx.net; studio.tx0147@hotworx.net; studio.tx0148@hotworx.net; studio.tx0149@hotworx.net; studio.tx0151@hotworx.net; studio.tx0154@hotworx.net; studio.tx0156@hotworx.net; studio.tx0157@hotworx.net; studio.tx0160@hotworx.net; studio.tx0162@hotworx.net; studio.tx0167@hotworx.net; studio.tx0168@hotworx.net; studio.tx0169@hotworx.net; studio.tx0171@hotworx.net; studio.tx0172@hotworx.net; studio.tx0174@hotworx.net; studio.tx0176@hotworx.net; studio.tx0177@hotworx.net; studio.tx0181@hotworx.net; studio.tx0183@hotworx.net; studio.tx0185@hotworx.net; studio.tx0187@hotworx.net; studio.tx0188@hotworx.net; studio.tx0189@hotworx.net; studio.tx0190@hotworx.net; studio.tx0191@hotworx.net; studio.tx0194@hotworx.net; studio.tx0195@hotworx.net; studio.tx0196@hotworx.net; studio.tx0198@hotworx.net; studio.tx0199@hotworx.net; studio.tx0200@hotworx.net; studio.tx0205@hotworx.net; studio.tx0206@hotworx.net; studio.tx0207@hotworx.net; studio.tx0210@hotworx.net; studio.tx0211@hotworx.net; studio.tx0216@hotworx.net; studio.tx0217@hotworx.net; studio.tx0219@hotworx.net; studio.tx0220@hotworx.net; studio.tx0221@hotworx.net; studio.tx0222@hotworx.net; studio.tx0223@hotworx.net; studio.tx0224@hotworx.net; studio.tx0225@hotworx.net; studio.tx0226@hotworx.net; studio.tx0227@hotworx.net; studio.tx0228@hotworx.net; studio.tx0229@hotworx.net; studio.tx0230@hotworx.net; studio.tx0233@hotworx.net; studio.tx0234@hotworx.net; studio.tx0238@hotworx.net; studio.tx0240@hotworx.net; studio.tx0241@hotworx.net; studio.tx0242@hotworx.net; studio.tx0243@hotworx.net; studio.tx0244@hotworx.net; studio.tx0245@hotworx.net; studio.tx0246@hotworx.net; studio.tx0249@hotworx.net; studio.tx0250@hotworx.net; studio.tx0251@hotworx.net; studio.tx0252@hotworx.net; studio.tx0254@hotworx.net; studio.tx0255@hotworx.net; studio.tx0256@hotworx.net; studio.tx0259@hotworx.net; studio.tx0261@hotworx.net; studio.tx0264@hotworx.net; studio.tx0265@hotworx.net; studio.tx0267@hotworx.net; studio.tx0268@hotworx.net; studio.tx0269@hotworx.net; studio.tx0270@hotworx.net; studio.tx0271@hotworx.net; studio.tx0273@hotworx.net; studio.tx0275@hotworx.net; studio.tx0276@hotworx.net; studio.tx0277@hotworx.net; studio.tx0278@hotworx.net; studio.tx0279@hotworx.net; studio.tx0280@hotworx.net; studio.tx0283@hotworx.net; studio.tx0285@hotworx.net; studio.tx0286@hotworx.net; studio.tx0288@hotworx.net; studio.tx0289@hotworx.net; studio.tx0292@hotworx.net; studio.tx0293@hotworx.net; studio.tx0296@hotworx.net; studio.tx0302@hotworx.net; studio.tx0303@hotworx.net; studio.tx0304@hotworx.net; studio.tx0305@hotworx.net; studio.tx0306@hotworx.net; studio.tx0307@hotworx.net; studio.tx0310@hotworx.net; studio.tx0311@hotworx.net; studio.tx0312@hotworx.net; studio.tx0316@hotworx.net; studio.tx0322@hotworx.net; studio.tx0326@hotworx.net; studio.tx0327@hotworx.net; studio.tx0331@hotworx.net; studio.tx0332@hotworx.net; studio.tx0333@hotworx.net; studio.tx0336@hotworx.net; studio.tx0339@hotworx.net; studio.tx0342@hotworx.net; studio.tx0343@hotworx.net; studio.tx0346@hotworx.net; studio.tx0347@hotworx.net; studio.tx0349@hotworx.net; studio.tx0350@hotworx.net; studio.uae001@hotworx.net; studio.ut0001@hotworx.net; studio.ut0002@hotworx.net; studio.ut0004@hotworx.net; studio.ut0005@hotworx.net; studio.ut0008@hotworx.net; studio.ut0009@hotworx.net; studio.ut0010@hotworx.net; studio.ut0011@hotworx.net; studio.ut0014@hotworx.net; studio.ut0015@hotworx.net; studio.ut0018@hotworx.net; studio.ut0019@hotworx.net; studio.ut0022@hotworx.net; studio.ut0026@hotworx.net; studio.ut0027@hotworx.net; studio.ut0028@hotworx.net; studio.ut0030@hotworx.net; studio.ut0031@hotworx.net; studio.ut0033@hotworx.net; studio.ut0036@hotworx.net; studio.va0004@hotworx.net; studio.va0005@hotworx.net; studio.va0010@hotworx.net; studio.va0012@hotworx.net; studio.va0013@hotworx.net; studio.va0016@hotworx.net; studio.va0017@hotworx.net; studio.va0022@hotworx.net; studio.va0024@hotworx.net; studio.va0025@hotworx.net; studio.va0026@hotworx.net; studio.va0027@hotworx.net; studio.va0029@hotworx.net; studio.va0030@hotworx.net; studio.va0032@hotworx.net; studio.wa0001@hotworx.net; studio.wa0004@hotworx.net; studio.wa0005@hotworx.net; studio.wa0008@hotworx.net; studio.wa0009@hotworx.net; studio.wa0010@hotworx.net; studio.wa0014@hotworx.net; studio.wa0015@hotworx.net; studio.wa0021@hotworx.net; studio.wa0022@hotworx.net; studio.wa0025@hotworx.net; studio.wa0026@hotworx.nt; studio.wa0029@hotworx.net; studio.wa0032@hotworx.net; studio.wa0037@hotworx.net; studio.wa0038@hotworx.net; studio.wa0040@hotworx.net; studio.wa0043@hotworx.net; studio.wa0044@hotworx.net; studio.wa0045@hotworx.net; studio.wa0046@hotworx.net; studio.wa0048@hotworx.net; studio.wa0049@hotworx.net; studio.wi0002@hotworx.net; studio.wi0003@hotworx.net; studio.wi0004@hotworx.net; studio.wi0006@hotworx.net; studio.wi0009@hotworx.net; studio.wi0011@hotworx.net; studio.wi0020@hotworx.net; studio.wi0021@hotworx.net; studio.wi0023@hotworx.net; studio.wi0025@hotworx.net; studio.wv0001@hotworx.net; studio.wv0002@hotworx.net; studio.wv0003@hotworx.net; tulsa.101andmingo@hotworx.net; tyler@hotworx.net; competition.authorized@hotworx.net
MPI Architects,https://www.mpiarch.com,OSM (fill),04900491,Amy Milton,Manager,amy.milton@mpiarch.com,website,info@mpiarch.com; amy.milton@mpiarch.com
Hillwood Communities,https://www.hillwoodcommunities.com,OSM (fill),0260306,Acquisitions Danny,Vice President,acquisitions.danny@hillwoodcommunities.com,website,info@hillwoodcommunities.com; acquisitions.danny@hillwoodcommunities.com
Sheesh Kitchen,https://sheeshkitchen.com,OSM (fill),0260722,,,info@sheeshkitchen.com,none,info@sheeshkitchen.com
Everest Rehabilitation Corporate Office,https://www.everestrehab.com,OSM (fill),0230125,Everest Rehabilitation,CEO,everest.rehabilitation@everestrehab.com,website,info@everestrehab.com; everest.rehabilitation@everestrehab.com
Airrosti,https://www.airrosti.com/location/texas/rockwall-2504-ridge-road-arock,OSM (fill),0260428,Business Developmen,partner,business@airrosti.com,website,hr@airrosti.com; marketing@airrosti.com; patientservices@airrosti.com; business@airrosti.com
Centersquare,https://centersquaredc.com,OSM (fill),06247788,Customer Re,Partner,customer.re@centersquaredc.com,website,media@csquare.com; customer.re@centersquaredc.com
​Sababa Mediterranean Cuisine,https://www.sababacuisine.com,OSM (fill),049999999,Customer Reviews,Team Member,customer.reviews@sababacuisine.com,website,bafinvestments@hotmail.com; customer.reviews@sababacuisine.com
Bradford Elite,https://www.bradfordelite.com,OSM (fill),049939249,Marcella Bo,Owner,marcella@bradfordelite.com,website,info@bradfordelite.com; gracie@bradfordelite.com; heatherwhitaker@bradfordelite.com; kayladooley@bradfordelite.com; marcellabowen@bradfordelite.com; marjoriebradford@bradfordelite.com; realtor@deyachamberlain.com; shannda_langston@yahoo.com; staceyb@bradfordelite.com; tim.mccoy@clearmodernmortgage.com; marcella@bradfordelite.com
Second Side Yoga,https://www.secondsideyoga.com,OSM (fill),0735903,Bergdorf Goodman,director,bergdorf.goodman@secondsideyoga.com,website,hello@secondsideyoga.com; bergdorf.goodman@secondsideyoga.com
Haven,https://havendallas.com,OSM (fill),02302392,,,info@havendallas.com,none,info@havendallas.com
Priority ER Care,https://priorityercare.com/our-locations,OSM (fill),0260521,Choose Do,cto,choose.do@priorityercare.com,website,info@priorityercare.com; choose.do@priorityercare.com
123stitch.com,https://www.123stitch.com,OSM (fill),07775346,House Fiber,cto,house.fiber@123stitch.com,website,info@123stitch.com; house.fiber@123stitch.com
Sandoitchi,https://www.sandoitchi.com,OSM (fill),08481110760628310717,Talk Sandoitchi,partner,talk.sandoitchi@sandoitchi.com,website,order@sandoitchi.menu; talk.sandoitchi@sandoitchi.com
The Little Things,https://www.shopthelittlethings.com,OSM (fill),019607843137,,,info@shopthelittlethings.com,none,info@shopthelittlethings.com
Buy-Rite Salon & Spa Equipment,https://www.buyritebeauty.com,OSM (fill),0848213,Your Fingertips,partner,your.fingertips@buyritebeauty.com,website,sales@buyritebeauty.com; your.fingertips@buyritebeauty.com
The Metropolitan on Main,https://www.themetropolitanonmain.com,OSM (fill),026080212,Inquire Skip,head of,inquire.skip@themetropolitanonmain.com,website,info@themetropolitanonmain.com; inquire.skip@themetropolitanonmain.com
City Tavern,https://citytaverndowntown.com,OSM (fill),026080211,,,info@citytaverndowntown.com,none,info@citytaverndowntown.com
Equest,https://equest.org,OSM (fill),0230101,Advisory Board,Director,advisory@equest.org,website,teamup@equest.org; equest@equest.org; registrar@equest.org; advisory@equest.org
Tropical Oasis,https://tropicaloasis.com,OSM (fill),01586148,Amazon American,cto,amazon.american@tropicaloasis.com,website,info@tropicaloasis.com; amazon.american@tropicaloasis.com
Vita Drip & Wellness spa,https://www.vitadripandwellnessspa.com,OSM (fill),0260702,,,sylvie@myelysee.com,none,sylvie@myelysee.com
Fields Recreation Center,https://www.garlandtx.gov/facilities/facility/details/Fields-Recreation-Center-94,OSM (fill),01130857800427,Accessibility Site,Director,accessibility@garlandtx.gov,website,frc@garlandtx.gov; garland@garlandtx.gov; accessibility@garlandtx.gov
Painting With A Twist,https://www.paintingwithatwist.com/studio/lewisville,OSM (fill),0260720,Trivia Night,partner,trivia.night@paintingwithatwist.com,website,studio172@paintingwithatwist.com; trivia.night@paintingwithatwist.com
Heath Golf and Yacht Club by Direct Residential Communities,https://www.directresidentialcommunities.com/new-homes/heath/heath-golf-and-yacht-club,OSM (fill),0260617,Area Communities,owner,area.communities@directresidentialcommunities.com,website,amber.abney@directresidentialrealty.com; anise.hawkins@directresidentialrealty.com; barbara.billingslea@directresidentialrealty.com; bobbi.cowart@directresidentialhomes.com; bonji.hopson@directresidentialrealty.com; connie.rose@directresidentialrealty.com; courtney.martin@directresidentialrealty.com; emma.clark@directresidentialrealty.com; kandus.leblanc@directresidentialrealty.com; kanji.okonji@directresidentialrealty.com; michael.sferes@directresidentialhomes.com; ron.givens@directresidentialrealty.com; sergiochaverri@judgefite.com; sofia.negron@directresidentialrealty.com; taya.roberts@directresidentialrealty.com; zubari.washington@directresidentialrealty.com; area.communities@directresidentialcommunities.com
Fit Body Boot Camp,https://fitbodybootcamp.com/locations/richardson-tx,OSM (fill),0260309,Newly Minted,CEO,newly.minted@fitbodybootcamp.com,website,admin@boardmanfbbc.com; admin@chestertonfbbc.com; admin@eastorangefitbody.com; admin@fbbcforestsprings.com; admin@fbbcplainwell.com; admin@fbbcrogers.com; admin@fbbcst-matthews.com; admin@fishersfitbody.com; admin@fitbodycascade.com; admin@fitbodynorco.net; admin@fitbodynorthcarefree.com; admin@fitbodynorthmeridian.com; admin@fitbodyrosedale.com; admin@fitbodysalmoncreek.com; admin@fsfitbody.com; admin@greeleyfitbodybootcamp.com; admin@hudsonvillefbbc.com; admin@lyndoncornersfitbody.com; admin@murrietafitbody.com; admin@mvfitbody.com; admin@parisifitbody.com; admin@plainfieldfbbc.com; admin@richardsonfbbc.com; admin@siouxfallsfitbody.com; admin@southfultonfbbc.com; admin@weatherfordfitbodybootcamp.com; admin@westlebfbbc.com; admin@winterhavenfitbody.com; contact@frederickfbbc.com; hello@wbfitbody.com; info@amhesrtfitbodybootcamp.com; info@blacksburgfitbody.com; info@blufftonfitbody.com; info@cambridgefitbodybootcamp.com; info@cgfitbody.com; info@columbiafbbc.com; info@dalevillefitbody.com; info@destinfitbody.com; info@erfbbc.com; info@fbbcballwin.com; info@fbbcfw.com; info@fbbcpolaris.com; info@fitbodyanna.com; info@fitbodybalboa.com; info@fitbodybedminster.com; info@fitbodybloomington.com; info@fitbodycarlsbad.com; info@fitbodycastlerock.com; info@fitbodychattanooga.com; info@fitbodydobson.com; info@fitbodyeastbeach.com; info@fitbodyfairfax.com; info@fitbodygainesville.com; info@fitbodyjefferson.com; info@fitbodymatthews.com; info@fitbodymissionbay.com; info@fitbodynorwood.com; info@fitbodynrh.com; info@fitbodyranchocordova.com; info@fitbodyrochesterhills.com; info@fitbodyrome.com; info@fitbodysandstone.com; info@fitbodysparks.com; info@fitbodytempe.com; info@fredericksburgfbbc.com; info@freeholdfitbody.com; info@goodyearfitbodybootcamp.com; info@harrisburgfitbodybootcamp.com; info@heberfbbc.com; info@hydeparkfbbc.com; info@kincardinefbbc.com; info@lebanonfbbc.com; info@lyndhurstfitbody.com; info@mountpleasantfitbody.com; info@northpalmfitbody.com; info@norwalkfitbody.com; info@nrfbbc.com; info@nvfitnessfbbc.com; info@oldtownfitbody.com; info@prescottfbbc.com; info@rapidcitybootcamp.com; info@rinconfitbody.com; info@riversidefitbody.com; info@roanokefitbody.com; info@romeofbbc.com; info@seldenfitbodybootcamp.com; info@southoakvillefitbody.com; info@warsonwoodsfbbc.com; info@westashleyfitbody.com; office@daphnefbbc.com; support@edmontonfitbody.com; support@moorefitbody.com; support@ycfitbody.com; 915fbbc@epfitbodybootcamp.com; aaron@fitbodycumming.com; amarillofbbc@gmail.com; anthony@fitbodychesterfield.com; athensfbbc@gmail.com; barrett@berkleyfitbody.com; bryan.corcoran@lutzfbbc.com; charlesg@fitbodymontereypark.com; cherynel@gmail.com; chris.logas@fbbcmanassas.com; chris@andoverfitbody.com; cj@sylvaniafitbodybootcamp.com; clintonfbbc@gmail.com; cmzammit96@gmail.com; coachapril@fitbodylosalamitos.com; croomstrength@gmail.com; darrylynn@herndonfitbody.com; davidchristiensen@burlingtonfbbc.com; derekwonglp@gmail.com; dgermaicans@gmail.com; dmather1@protonmail.com; emmanuel@lakelinefbbc.com; ethanbowman@fitbodyrockwall.com; ewfbbc.info@gmail.com; fargo@fitbodyfargo.com; fbbc.southwpg@gmail.com; fbbcdawson@gmail.com; fbbcfayetteville@gmail.com; fbbcgranbury@gmail.com; fbbcleads@gmail.com; fitbodywaldorf@gmail.com; forks@fitbodygrandforks.com; frontdesk@americanforkfitbody.com; frontdesk@flowoodfitbody.com; frontdesk@portorangefitbody.com; frontdesk@prosperfitbody.com; frontdesk@ridgelandfitbody.com; gantonucci22@yahoo.com; garth@millbasinfbbc.com; gloriag@fitbodywhittier.com; goldie@redlandsfitbody.com; haffy1313@gmail.com; help@newportnewsfbbc.com; jason@bhfitbody.com; jenkaido@yahoo.com; jenn@morganhillfbbc.com; joe@fitbodysteptoe.com; joel@fitbodyauburnbay.com; joel@fitbodycochrane.com; joel@fitbodylethbridge.com; joel@simpsonvillefbbc.com; joelkotkas@fitbodylethbridge.com; john@fitbodytrussville.com; john@fitbodywestgoshen.com; jonathan@leessummitfitbody.com; jonathan@venturafitbody.com; kathryn@lakeorionfitbody.com; kelly@arrowheadfitbody.com; kerstenfitness@yahoo.com; kyle@fitbodybootcampholland.com; lincolnheightsfbbc@gmail.com; lisa@fitbodywestminster.com; liz@rpfbbc.com; mandy.braseltonfbbc@gmail.com; matt@provfitbody.com; mellersergey@gmail.com; member@bowiefitbody.com; membership@lakewoodfbbc.com; mheard244@gmail.com; michael@alfitbody.com; mikedk@lindenhurstfbbc.com; monroefbbc@gmail.com; morgan@pelhamfitbodybootcamp.com; nancy@fitbodynhb.com; natalie@centervillefitbody.com; nikki.baugh@blfitbody.com; northcolumbus.fbbc@gmail.com; nsyracusefbbc@gmail.com; owner@fitbodysmithfield.com; rebecca@210fitbodybootcamp.com; rerejcyu@gmail.com; sean@fitbodymarquette.com; shane@hendersonvillefbbc.com; shawn.haffner@fbbcohio.com; shawneefbbc@gmail.com; sondra@sunnyvalefitbodybootcamp.com; stephen@fbbclouisville.com; stvital.fbbc@gmail.com; vik@westboroughfbbc.com; watkinsvillefbbc@gmail.com; whitesborofitbody@gmail.com; woodwardfbbc@gmail.com; zacharyroys@caledoniafbbc.com; newly.minted@fitbodybootcamp.com
Dallas Indoor Pickleball Club,https://www.dallasindoorpickleballclub.com,OSM (fill),0584808,,,nfo@dallasindoorpickleballclub.com,none,info@dallasindoorpickleballclub.com; nfo@dallasindoorpickleballclub.com
Kwality Ice Cream & Bakery,https://kwalityicecreamdfw.com,OSM (fill),01020103,,,filler@godaddy.com,none,filler@godaddy.com
The Bar Method1,https://barmethod.com/locations/dallas-preston-hollow,OSM (fill),0260710,Now Expires,owner,now@barmethod.com,website,mediainquiries@sebrands.com; prestonhollow@barmethod.com; now@barmethod.com
MAS Islamic Center Of Dallas,https://www.masdfw.org,OSM (fill),0100101,Recent Comments,Team Member,recent@masdfw.org,website,communication@masdfw.org; recent@masdfw.org
The Little Gym,http://www.thelittlegym.com/mockingbirdabramstx,OSM (fill),0100101,How Can,cto,how@thelittlegym.com,website,tlgmockingbirdtx@thelittlegym.com; how@thelittlegym.com
Crunch Fitness,https://www.crunch.com/locations/plano,OSM (fill),0228880,Crunch Gym,Owner,crunch.gym@crunch.com,website,info@crunchplano.com; crunch.gym@crunch.com
Dallas Skin Institute,https://dallasskininstitute.com,OSM (fill),0260726,Dallas Skin,Founder,dallas.skin@dallasskininstitute.com,website,info@dallasskininstitute.com; dallas.skin@dallasskininstitute.com
Full City Rooster,https://www.fullcityrooster.com,OSM (fill),0260325,,,caffiend@me.com,none,caffiend@me.com
La Casita Coffee,https://www.lacasita.coffee,OSM (fill),0260325,,,rowlett@lacasitabakeshop.com,none,info@lacasitabakeshop.com; rowlett@lacasitabakeshop.com
GLC Locksmith Services,https://glclocksmithservice.com,OSM (fill),+14694586334,Every Customer,owner,every.customer@glclocksmithservice.com,website,info@glclocksmithservice.com; every.customer@glclocksmithservice.com
Vetsavers Pet Hospital,https://vetsaverscarrollton.com,OSM (fill),09375185,Amanda Hospital,Manager,amanda.hospital@vetsaverscarrollton.com,website,vetsaverspethospital@gmail.com; amanda.hospital@vetsaverscarrollton.com
Anjappar Chettinad Elite - Irving,https://anjapparirving.com,OSM (fill),023521549,Anjappar Franchise,Partner,anjappar.franchise@anjapparirving.com,website,info@anjapparirving.com; anjappar.franchise@anjapparirving.com
Mattison Avenue Salon Suites & Spa,https://www.mattisonsalonsuites.com,OSM (fill),0810612,,,1perrisfidelis@gmail.com,none,info@mattisonsalonsuites.com; support@schedulista.com; 1perrisfidelis@gmail.com; angeliqueodonnal@gmail.com; bapsywax@gmail.com; datdinh99@gmail.com; georgetown3000.jc@gmail.com; martinez.erendida22@gmail.com; mayajanelle3@icloud.com; naileoart@gmail.com; nezammariam@yahoo.com; senmerline@gmail.com; smoothpeacheswaxing@gmail.com; tonekolelewis@gmail.com
Psychic Synchronicities,https://advisorrachel.com,OSM (fill),01020103,Psychic Synchronicities,Team Member,psychic.synchronicities@advisorrachel.com,website,hello@rfuenzalida.com; eben@eyebytes.com; impallari@gmail.com; matt@pixelspread.com; psychic.synchronicities@advisorrachel.com
Modern Animal - Park Cities,https://www.modernanimal.com/clinics/park-cities,OSM (fill),0202620,Modern Animal,partner,modern.animal@modernanimal.com,website,hello@modernanimal.com; press@modernanimal.com; modern.animal@modernanimal.com
Taziki's Mediterranean Cafe,https://www.tazikis.com/location/old-town,OSM (fill),01520153,Giving Kitchen,partner,giving@tazikis.com,website,oldtown@tazikis.com; giving@tazikis.com
Shala Yoga Loft,https://www.shalayogaloft.com,OSM (fill),01020103,,,info@shalayogaloft.com,none,info@shalayogaloft.com
New Leaf Custom Homes,https://www.newleafcustom.com,OSM (fill),06649433,Melissa Powell,Co-Founder,melissa.powell@newleafcustom.com,website,p@wcq.s; melissa.powell@newleafcustom.com
1255 Corporate,http://www.usbank.com,OSM (fill),0260728,Gunjan Kedia,CEO,gunjan@usbank.com,website,portaldotcom@usbank.com; rewardscommunication@usbank.com; gunjan@usbank.com
Residential Re-Entry Center,https://www.voatx.org/locations/residential-re-entry-centers-2,OSM (fill),0230706,Career Opportunities,Director,career.opportunities@voatx.org,website,info@voatx.org; career.opportunities@voatx.org
UT Dallas Visitor Center,https://enroll.utdallas.edu/visit,OSM (fill),028352164,,,admission@utdallas.edu,none,admission@utdallas.edu; utdadmissions@utdallas.edu
Suffer City Tattoos,https://suffercitytattoos.com,OSM (fill),+40760504540,Book With,Team Member,book@suffercitytattoos.com,website,santi@suffercitytattoos.com; suffercitytattoo@gmail.com; book@suffercitytattoos.com
Murphy Veterinary Hospital,https://murphyvets.com,OSM (fill),0100101,Biomedical Sciences,cto,biomedical.sciences@murphyvets.com,website,murphy_vet@yahoo.com; biomedical.sciences@murphyvets.com
Incarnation Place,https://www.incarnationplace.org/geography,OSM (fill),01520153,Incarnation Pl,Partner,incarnation.pl@incarnationplace.org,website,info@incarnationplace.org; incarnation.pl@incarnationplace.org
Texas WIC,https://office-stg.texaswic.org/texas/dallas/75228/3302-north-buckner-blvd--130/buckner-john-west-clinic,OSM (fill),0485314,John West,Partner,john.west@office-stg.texaswic.org,website,askwic@dallas.gov; john.west@office-stg.texaswic.org
9 Rabbits Bakery,https://www.9rabbitsbakery.com,OSM (fill),0744650,,,9rabbitsbakery@gmail.com,none,9rabbitsbakery@gmail.com
Little Spurs Pediatric,https://littlespurspedi.com/location/casa-view,OSM (fill),0251101,Jeffrey Gerlach,Chief Executive Officer,jeffrey.gerlach@littlespurspedi.com,website,info@littlespurs.com; jeffrey.gerlach@littlespurspedi.com
Wilkinson Center,https://www.thewilkinsoncenter.org/contact,OSM (fill),0240812,Directors Key,Partner,directors.key@thewilkinsoncenter.org,website,info@wilkinsoncenter.org; directors.key@thewilkinsoncenter.org
Shiraz Mediterranean Grill,https://shirazdallas.com,OSM (fill),026080212,,,shirazgrill@yahoo.com,none,shirazgrill@yahoo.com
Vital Athletic Recovery,https://vitalathleticrecovery.com,OSM (fill),02964116099522,Classes Reformer,Founder,classes@vitalathleticrecovery.com,website,owner@vitalathleticrecovery.com; classes@vitalathleticrecovery.com
Slick City Action Park,https://slickcity.com,OSM (fill),0240806,Bron Launsby,CEO,bron.launsby@slickcity.com,website,ui@6.0; bron.launsby@slickcity.com
AJ Locksmith,https://www.ajlocksmith.com,OSM (fill),0250730,,,info@ajlocksmith.com,none,info@ajlocksmith.com
Park Cities Dental Group,https://parkcitiesdentalgroup.com,OSM (fill),0250205,Patient Forms,cto,patient.forms@parkcitiesdentalgroup.com,website,info@parkcitiesdentalgroup.com; k@hx.d2; patient.forms@parkcitiesdentalgroup.com
Gorditas La Mina,https://gorditaslaminadallas.com,OSM (fill),0260407170709,Frequently Asked,Team Member,frequently.asked@gorditaslaminadallas.com,website,laminagorditas@gmail.com; frequently.asked@gorditaslaminadallas.com
Cure With Care Dental,https://www.curewithcaredentist.com,OSM (fill),02233725,Chaitanya Raval,cto,chaitanya.raval@curewithcaredentist.com,website,office@curewithcaredentist.com; chaitanya.raval@curewithcaredentist.com
Sahara Mediterranean Restaurant,https://www.thesahararestaurant.com,OSM (fill),04900491,,,saharapersianrestaurant@gmail.com,none,info@thesahararestaurant.com; saharapersianrestaurant@gmail.com
Tremble,https://www.makeittremble.com/dallas-tx,OSM (fill),05460152,Personalized Feedback,cto,personalized@makeittremble.com,website,dallas@makeittremble.com; personalized@makeittremble.com
Fajita Pete's,https://fajitapetes.com/stores/preston-forest,OSM (fill),01680993,,,campbellrd@fajitapetes.com,none,campbellrd@fajitapetes.com; campbellrd@gsfranchises.com; carrolltonfajitas@gmail.com; cateringfajitapetes@gmail.com; david@gsfranchises.com; juniormedrano35@yahoo.com; lakewood@fajitapetes.com; loverslane@fajitapetes.com; luisafmendieta22@gmail.com; marketing@fajitapetes.com; morgan@gsfranchises.com; parkcities@gsfranchises.com; ryan@gsfranchises.com; tribunito@gmail.com
Carlos Machado Jiu Jitsu,https://www.marciosantosjiujitsu.com,OSM (fill),07589429551,Head Instructor,Owner,head.instructor@marciosantosjiujitsu.com,website,lakehighlandsbjj@gmail.com; head.instructor@marciosantosjiujitsu.com
Peak Zone Fitness,https://peakzonefitness.com,OSM (fill),074016359,Donny Day,Founder,donny.day@peakzonefitness.com,website,support@peakzonefitness.com; donny.day@peakzonefitness.com
Buff City Soap,https://buffcitysoap.com/pages/stores/casa-linda-tx,OSM (fill),04937525759517852555,Franchising Opportunities,Partner,franchising@buffcitysoap.com,website,support@buffcitysoap.com; fraud@buffcitysoap.com; franchising@buffcitysoap.com
Workout Anytime,https://workoutanytime.com/casa-view-tx,OSM (fill),0260714,American Cancer,CEO,american.cancer@workoutanytime.com,website,workout-anytime-casa-view@email.gymsales.net; casaview.tx@workoutanytime.com; american.cancer@workoutanytime.com
White Dog Ship & Print,https://www.whitedogshipandprint.com,OSM (fill),076879785,,,addison@whitedogshipandprint.com,none,addison@whitedogshipandprint.com; hawaii@whitedogshipandprint.com; whiterock@whitedogshipandprint.com; wynnewood@whitedogshipandprint.com
Southern Methodist University,https://www.smu.edu,OSM (fill),06158249,Administration President,President,administration@smu.edu,website,admission@smu.edu; ambriggs@smu.edu; athleticsinfo@mail.smu.edu; gifts@smu.edu; hannahdavis@smu.edu; help@smu.edu; lschefferstein@smu.edu; news@smu.edu; parking@smu.edu; smualum@mail.smu.edu; smugrad@smu.edu; ugadmission@smu.edu; administration@smu.edu
Preston Playhouse,https://www.prestonpickleball.com,OSM (fill),0202618,Nico Agritelley,Director,nico.agritelley@prestonpickleball.com,website,info.prestonplayhouse@gmail.com; nico.agritelley@prestonpickleball.com
Italy Pharmacy,https://www.mygnp.com/pharmacies/pharmacia-sana-irving-tx-75062,OSM (fill),0260218,Good Neighbor,owner,good.neighbor@mygnp.com,website,ayukrols@yahoo.com; good.neighbor@mygnp.com
"Community Options, Inc.",https://www.comop.org/about-us/our-offices/texas,OSM (fill),0190415,Samantha Cutler,Vice President,samantha.cutler@comop.org,website,cathy.bennett@comop.org; delma.macias@comop.org; jennifer.cavazos@comop.org; miguel.martinez@comop.org; olivia.buck@comop.org; rebecca.tisthammer@comop.org; samantha.cutler@comop.org
Mi Rinconcito Lagunero,https://mirinconcitolagunero.com,OSM (fill),0260406115846,,,ddavila14071234@gmail.com,none,ddavila14071234@gmail.com
United States Post Office,https://www.usps.com,OSM (fill),+18002221811,General Postal,cto,general.postal@usps.com,website,sfsdelivery.confirmation@usps.gov; general.postal@usps.com
Beta Upsilon Chi,https://smu.byx.org,OSM (fill),,Braden Freeman,Vice President,braden.freeman@smu.byx.org,website,contact@smubyx.org; braden.freeman@smu.byx.org
Golden's Keys,https://www.goldenskeysdallas.com,OSM (fill),0353258620,,,robgolden61@yahoo.com,none,robgolden61@yahoo.com
Baymont Inn & Suites Dallas Love Field,https://www.wyndhamhotels.com/baymont/dallas-texas/baymont-inn-and-suites-dallas-love-field/overview,OSM (fill),+12146461245,Answer Security,partner,answer.security@wyndhamhotels.com,website,accessibility@wyndham.com; answer.security@wyndhamhotels.com
DaVita Dialysis,https://www.davita.com/locations/tx/dallas/13340-preston-rd--11136,OSM (fill),04246589,Fulfillment We,owner,fulfillment@davita.com,website,independentchair@davita.com; fulfillment@davita.com
Landmark Bar & Kitchen,https://www.landmarkbars.com/addison,OSM (fill),02174924,,,addison@landmarkbars.com,none,info@landmarkbars.com; addison@landmarkbars.com; fw@landmarkbars.com; lubbock@landmarkbars.com
Newman Smith High School,https://smith.cfbisd.edu,OSM (fill),0200501,Auditions Orchestra,Director,auditions.orchestra@smith.cfbisd.edu,website,adamsi@cfbisd.edu; auditions.orchestra@smith.cfbisd.edu
North Dallas Shared Ministry,https://www.ndsm.org,OSM (fill),0260717,Donate Volunteer,Partner,donate.volunteer@ndsm.org,website,info@now-forward.now-forward.org; donate.volunteer@ndsm.org
University Village Leasing Office,https://housing.utdallas.edu/contact,OSM (fill),0616133407,Grief Associate,Vice President,grief.associate@housing.utdallas.edu,website,alexis.rodriguez3@utdallas.edu; andres.dejesus@utdallas.edu; ashleigh.beckmann@utdallas.edu; cesar.arreola@utdallas.edu; christina.schwiderski@utdallas.edu; colen.skinner@utdallas.edu; elizabeth.johnson@utdallas.edu; emily.rigsby@utdallas.edu; emily.ross@utdallas.edu; ericka.butler@utdallas.edu; fatima.nawfa@utdallas.edu; grief@utdallas.edu; hminton@utdallas.edu; housing@utdallas.edu; kayla.fairclough@utdallas.edu; kaytie.harwood@utdallas.edu; lisa.koontz@utdallas.edu; luis.robles@utdallas.edu; lxg132230@utdallas.edu; maria.mares@utdallas.edu; mariessa.joseph@utdallas.edu; mbenson@utdallas.edu; miguel.solorio@utdallas.edu; nicky.dang@utdallas.edu; ren.lafleur@utdallas.edu; ryan.hopkins@utdallas.edu; ryan.white@utdallas.edu; sarah.mirarchi@utdallas.edu; seth.harwood@utdallas.edu; stan.scroggins@utdallas.edu; taylor.lawson@utdallas.edu; thomas.abbey@utdallas.edu; todd.lawrence@utdallas.edu; victoria.nord@utdallas.edu; zane.dean@utdallas.edu; grief.associate@housing.utdallas.edu
MegaShad Fit,https://www.megashad.com,OSM (fill),03666103674,,,micah@micahrich.com,none,micah@micahrich.com
Women's Building,http://cm.grandprairiechamber.org/list/member/woman-s-club-of-grand-prairie-1120,OSM (fill),0230504,Benefits Member,Director,benefits.member@cm.grandprairiechamber.org,website,info@grandprairiechamber.org; benefits.member@cm.grandprairiechamber.org
Silvermark Assisted Living & Memory Care,https://www.silvermarkmemorycare.com,OSM (fill),013011247669,Living Award,Senior,living.award@silvermarkmemorycare.com,website,support@silvermarkmemorycare.com; living.award@silvermarkmemorycare.com
Cliffhanger Community Store,https://cliffhangerthrift.com,OSM (fill),01520153,,,cliffhangerthrift@gmail.com,none,cliffhangerthrift@gmail.com
Rooms To Go,https://www.roomstogo.com/stores/texas/dallas-lbj-freeway-showroom-2105,OSM (fill),0321983080,Kids Mattress,CEO,kids@roomstogo.com,website,rrueda@roomstogo.com; kids@roomstogo.com
Dog N Kitty City,https://dognkittycity.org,OSM (fill),+12143507387,City Grill,Partner,city.grill@dognkittycity.org,website,info@hsdallascounty.org; city.grill@dognkittycity.org
WhatchamaCallit,https://www.whatpromdress.com,OSM (fill),0260721112036,Fort Worth,Team Member,fort.worth@whatpromdress.com,website,ggary58@yahoo.com; fort.worth@whatpromdress.com
Methodist Charlton Medical Center,https://www.methodisthealthsystem.org/methodist-charlton-medical-center,OSM (fill),026072026,George Bush,President,george.bush@methodisthealthsystem.org,website,patientrepdallas@mhd.com; patientrepmansfield@mhd.com; patientrepmidlothian@mhd.com; patientreprichardson@mhd.com; patientrepsouthlake@mhd.com; patientrepsouthwest@mhd.com; george.bush@methodisthealthsystem.org
Kitchen Dog Theater,https://kitchendogtheater.org,OSM (fill),01020103,,,admin@kitchendogtheater.org,none,admin@kitchendogtheater.org
CityPlace bnb,https://cityplacebnb.com,OSM (fill),+14158516099,Listed Suite,Partner,listed.suite@cityplacebnb.com,website,prestigerental.manager@gmail.com; listed.suite@cityplacebnb.com
Latino Cultural Center,https://lcc.dallasculture.org,OSM (fill),02604669646023,Herrera Events,cto,herrera.events@lcc.dallasculture.org,website,gerardo.robles@dallas.gov; gonzalo.novoa@dallas.gov; haide.vazquez@dallas.gov; raul.rodriguez@dallas.gov; ryan.flores@dallas.gov; todd.dawson@dallas.gov; victor.herrera1@dallas.gov; herrera.events@lcc.dallasculture.org
CorePower Yoga,https://www.corepoweryoga.com/yoga-studios/tx/dallas/henderson,OSM (fill),+18334482561,Power Yoga,partner,power.yoga@corepoweryoga.com,website,ashleigh.lickert@corepoweryoga.com; corepoweryoga@azionepr.com; mediainquiries@corepoweryoga.com; partnerships@corepoweryoga.com; power.yoga@corepoweryoga.com
Bryan Place Swimming Pool Association,https://www.bryanplacepool.com,OSM (fill),01520153,Dawn Ogle,President,dawn.ogle@bryanplacepool.com,website,bryanplacepoolassociation@gmail.com; dawn.ogle@bryanplacepool.com
Silver City Strip Club,https://www.silvercityclub.com,OSM (fill),012288909215,Bottle Packages,Team Member,bottle.packages@silvercityclub.com,website,silvercity@nightlifehospitality.com; bottle.packages@silvercityclub.com
Las Colinas Federal Credit Union,https://www.lascolinasfcu.com,OSM (fill),08435295,Wallet Card,Manager,wallet.card@lascolinasfcu.com,website,complaints@texanscu.org; compliments@texanscu.org; memberservice@texanscu.org; wallet.card@lascolinasfcu.com
Life Time,https://www.lifetime.life/life-time-locations/tx-garland.html,OSM (fill),09652024,George Bush,President,george.bush@lifetime.life,website,garland@ltfinc.onmicrosoft.com; george.bush@lifetime.life
Coast Cycle,https://coastcycle.com,OSM (fill),0250605,Enter Bill,cofounder,enter.bill@coastcycle.com,website,hello@coastcycle.com; enter.bill@coastcycle.com
VCA Central Expressway Animal Hospital,https://vcahospitals.com,OSM (fill),01520206247,Aaron Belville,Vice President,aaron.belville@vcahospitals.com,website,mediarelations@vca.com; aaron.belville@vcahospitals.com
bbbop Seoul Kitchen,https://www.bbbop.com,OSM (fill),07022019,,,hi@mystore.com,none,hi@mystore.com
Louise Herrington School of Nursing,https://www.baylor.edu/nursing,OSM (fill),0212022,Back Baylor,Founder,back_baylor@baylor.edu,website,bu_nursing@baylor.edu; back_baylor@baylor.edu
Larry G. Smith Elementary School,https://lgsmith.dallasisd.org,OSM (fill),0240619,Benjamin Franklin,ceo,benjamin.franklin@lgsmith.dallasisd.org,website,britwashington@dallasisd.org; clgutierrez@dallasisd.org; shanhamilton@dallasisd.org; vruggiero@dallasisd.org; benjamin.franklin@lgsmith.dallasisd.org
Riverchase Animal Hospital,https://www.riverchaseanimalhospital.com,OSM (fill),0928251,Find Quality,Owner,find.quality@riverchaseanimalhospital.com,website,hello@riverchaseanimalhospital.com; find.quality@riverchaseanimalhospital.com
West Mesquite High School,https://westmesquitehighschool.mesquiteisd.org,OSM (fill),0260731205403,,,westmesquitehs@mesquiteisd.org,none,westmesquitehs@mesquiteisd.org; westmesquitehsd@mesquiteisd.org
City Church International,https://www.cci.church,OSM (fill),0190786,Angela Weir,Director,angela@cci.church,website,cciadmin@cci.church; angela@cci.church
Kindred Hospital Dallas Central,https://www.kindredhospitals.com/locations/ltac/kindred-hospital-dallas-central,OSM (fill),035708985,Communications Jeanie,Vice President,communications.jeanie@kindredhospitals.com,website,aphelp@scionhealth.com; aphelp@scoionhealth.com; courage@scionhealth.com; jeanie.rittenberry@scionhealth.com; mediacontact@scionhealth.com; recordsretention@kindred.com; timothy.jolly@scionhealth.com; communications.jeanie@kindredhospitals.com
White Rock Bath House Cultural Center,https://bathhouse.dallasculture.org,OSM (fill),02627819,Staff Jessica,Manager,staff.jessica@bathhouse.dallasculture.org,website,analise.minjarez@dallas.gov; enrique.fernandez@dallas.gov; jessica.trevizo@dallas.gov; stewart.mikkelsen@dallas.gov; staff.jessica@bathhouse.dallasculture.org
Lincoln High School and Humanities/Communications Magnet School,https://lincoln.dallasisd.org,OSM (fill),0240619,Benjamin Franklin,ceo,benjamin.franklin@lincoln.dallasisd.org,website,aduncan@dallasisd.org; chooperbarnett@dallasisd.org; jomays@dallasisd.org; lancwilliams@dallasisd.org; rshaver@dallasisd.org; vduncan@dallasisd.org; benjamin.franklin@lincoln.dallasisd.org
Holy Trinity Greek Orthodox Church,https://www.holytrinitydallas.org,OSM (fill),020251212,Billy Karant,President,billy@holytrinitydallas.org,website,ccstern2010@hotmail.com; franargyros@holytrinitydallas.org; frmark@holytrinitydallas.org; frwilliam@holytrinitydallas.org; htgoc@holytrinitydallas.org; parishcouncil@holytrinitydallas.org; pcfeedback@holytrinitydallas.org; billy@holytrinitydallas.org
Residences at White Rock Lake,https://www.residencesatwhiterocklake.com,OSM (fill),07653413,,,residencesatwhiterocklake@ironridge-capital.com,none,residencesatwhiterocklake@ironridge-capital.com
Bella Vista Company,https://bellavistacompany.com,OSM (fill),036094668906,East Dallas,Partner,east.dallas@bellavistacompany.com,website,info@bellavistacompany.com; east.dallas@bellavistacompany.com
Gracehill Community Church,https://gracehill.cc,OSM (fill),0193993,Joshua Brown,Director,joshua@gracehill.cc,website,info@gracehill.cc; braden@gracehill.cc; hilary@gracehill.cc; josh@gracehill.cc; matt@gracehill.cc; zoe@gracehill.cc; joshua@gracehill.cc
The Stewpot,https://www.thestewpot.org,OSM (fill),03182025,Showers The,partner,showers@thestewpot.org,website,info@thestewpot.org; aaroniqueh@thestewpot.org; adriennen@thestewpot.org; alliance@thestewpot.org; almar@thestewpot.org; andread@thestewpot.org; angelb@thestewpot.org; angelesr@thestewpot.org; bettyh@thestewpot.org; beverlya@thestewpot.org; brandig@thestewpot.org; brendas@thestewpot.org; bridgetc@thestewpot.org; calvinc@thestewpot.org; carmenm@thestewpot.org; carolr@thestewpot.org; chantayj@thestewpot.org; charissew@thestewpot.org; dannyb@thestewpot.org; danyelleg@thestewpot.org; donobanm@thestewpot.org; earlh@thestewpot.org; edithg@thestewpot.org; eileenn@thestewpot.org; elizabetho@thestewpot.org; gigig@thestewpot.org; gloriap@thestewpot.org; jamyahb@thestewpot.org; janas@thestewpot.org; javierr@thestewpot.org; jerrikah@thestewpot.org; jessicar@thestewpot.org; jimmyl@thestewpot.org; johnnyc@thestewpot.org; johns@thestewpot.org; jonathano@thestewpot.org; jrr@thestewpot.org; katyc@thestewpot.org; laurenq@thestewpot.org; lavonnec@thestewpot.org; leisaj@thestewpot.org; maryannb@thestewpot.org; mayrag@thestewpot.org; melissah@thestewpot.org; mercedesl@thestewpot.org; michaelh@thestewpot.org; michellek@thestewpot.org; monserratv@thestewpot.org; ofeliaz@thestewpot.org; philanthropy@thestewpot.org; robinc@thestewpot.org; sandrar@thestewpot.org; santosc@thestewpot.org; sarac@thestewpot.org; shalithew@thestewpot.org; summerk@thestewpot.org; suzannee@thestewpot.org; tarryannar@thestewpot.org; tims@fpcdallas.org; twanan@thestewpot.org; ui@4.0; violetag@thestewpot.org; virginias@thestewpot.org; volunteer@thestewpot.org; wandas@thestewpot.org; wendyr@thestewpot.org; showers@thestewpot.org
Dialogue Institute Dallas (formerly Raindrop Dallas),https://www.dialoguedallas.org,OSM (fill),0812531,,,dallas@thedialoginstitute.org,none,dallas@thedialoginstitute.org
Dallas CASA,https://www.dallascasa.org,OSM (fill),0260713,Giving Programs,Partner,giving@dallascasa.org,website,bleonard@dallascasa.org; kbarnes@dallascasa.org; mnavarro@dallascasa.org; nnevarez@dallascasa.org; rlewis@dallascasa.org; sbalaban@dallascasa.org; giving@dallascasa.org
The University of Texas Southwestern Medical Center,https://www.utsouthwestern.edu,OSM (fill),0250922,Phone Directory,President,phone@utsouthwestern.edu,website,technologydevelopment@utsouthwestern.edu; phone@utsouthwestern.edu
Whitt Elementary School,https://whitt.wylieisd.net,OSM (fill),0231212,Craig Needham,Director,craig.needham@whitt.wylieisd.net,website,2075048@32.990492; craig.needham@whitt.wylieisd.net
Rita & Truett Smith Public Library,https://www.wylietexas.gov/library.php,OSM (fill),02502201444204,By Re,vize,by@wylietexas.gov,website,info@wylieedc.com; jobs@wylietexas.gov; animalcontrol@wylietexas.gov; cityeng@wylietexas.gov; citymgr@wylietexas.gov; citysec@wylietexas.gov; code@wylietexas.gov; court@wylietexas.gov; finance@wylietexas.gov; libinfo@wylietexas.gov; parks@wylietexas.gov; pdadministration@wylietexas.gov; permits@wylietexas.gov; planning@wylietexas.gov; policerecords@wylietexas.gov; professionalstandards@wylietexas.gov; publicinfo@wylietexas.gov; purchasing@wylietexas.gov; recreation@wylietexas.gov; subscribers@wylietexas.gov; utility@wylietexas.gov; wfdadmin@wylietexas.gov; by@wylietexas.gov
Sachse Senior Activity Center,https://www.cityofsachse.com/158/Senior-Activity-Center,OSM (fill),0275272,Communications Business,Partner,communications@cityofsachse.com,website,hrdept@cityofsachse.com; aaguillon@cityofsachse.com; abrown@cityofsachse.com; achi@cityofsachse.com; agutierrez@cityofsachse.com; aking@cityofsachse.com; alowry@cityofsachse.com; bfranks@cityofsachse.com; bmerryman@cityofsachse.com; bsylvester@cityofsachse.com; canderson@cityofsachse.com; ccermin@cityofsachse.com; cfilomio@cityofsachse.com; cgarcia@cityofsachse.com; cmims@cityofsachse.com; cnesbit@cityofsachse.com; communications@cityofsachse.com; craemhild@cityofsachse.com; cwiseman@cityofsachse.com; dbaldwin@cityofsachse.com; dbeaver@cityofsachse.com; devservices@cityofsachse.com; eweaver@cityofsachse.com; finance@cityofsachse.com; fmillsap@cityofsachse.com; gburcalow@cityofsachse.com; gmoss@cityofsachse.com; gnash@cityofsachse.com; gsmith@cityofsachse.com; hespinoza@cityofsachse.com; jbeaulieuliles@cityofsachse.com; jbickerstaff@cityofsachse.com; jburns@cityofsachse.com; jlara@cityofsachse.com; jnance@cityofsachse.com; jpotts@cityofsachse.com; jschultz@cityofsachse.com; jsun@cityosachse.com; jtaylor@cityofsachse.com; jwiseman@cityofsachse.com; kchamberlain@cityofsachse.com; kdennis@cityofsachse.com; khorst@cityofsachse.com; kmurray@cityofsachse.com; kpotraza@cityofsachse.com; kpowell@cityofsachse.com; ksmallwood@cityofsachse.com; lbuhler@cityofsachse.com; lgranger@cityofsachse.com; lmata@cityofsachse.com; lrose@cityofsachse.com; lthatcher@cityofsachse.com; lwhitworth@cityofsachse.com; mglenn@cityofsachse.com; mhowarth@cityofsachse.com; mhuffman@cityofsachse.com; mmattice@cityofsachse.com; mnewsom@cityofsachse.com; mpastor@cityofsachse.com; mprestenberg@cityofsachse.com; mquintero@cityofsachse.com; mriddall@cityofsachse.com; mrobinson@cityofsachse.com; mschmidt@cityofsachse.com; msizemore@cityofsachse.com; municipalcourt@cityofsachse.com; mwade@cityofsachse.com; nchacko@cityofsachse.com; pbambico@cityofsachse.com; pdungan@cityofsachse.com; pfeinhals@cityofsachse.com; psendejo@cityofsachse.com; rcross@cityofsachse.com; rhudson@cityofsachse.com; rsmith@cityofsachse.com; rwoodward@cityofsachse.com; sbaxter@cityofsachse.com; sdoerr@cityofsachse.com; seniorcenter@cityofsachse.com; sfradmin@cityofsachse.com; sthompson@cityofsachse.com; swooten@cityofsachse.com; tgauthier@cityofsachse.com; tlegh-page@cityofsachse.com; utilitybilling@cityofsachse.com
Dallas Maids,https://www.dallasmaids.com,OSM (fill),0260708,Dallas Maids,FOUNDER,dallas.maids@dallasmaids.com,website,service@dallasmaids.com; dallas.maids@dallasmaids.com
University of Dallas,https://udallas.edu,OSM (fill),025202620252026,Irvin Ashford,Managing Director,irvin@udallas.edu,website,admissions@udallas.edu; irvin@udallas.edu
Fraternal Order Of Eagles,https://foe.com,OSM (fill),0101010,Began The,founder,began@foe.com,website,help@foe.com; began@foe.com
The West Dallas Multipurpose Center,https://westdallasmultipurposecenter.com,OSM (fill),0251013,Sponsorships If,partner,sponsorships.if@westdallasmultipurposecenter.com,website,ashley.hutto@dallas.gov; ashley.hutto@dallascityhall.com; barbara.player@dallas.gov; juan.ramon@dallas.gov; sponsorships.if@westdallasmultipurposecenter.com
East Lake Veterinary Hospital,https://www.eastlakeveterinaryhospital.com,OSM (fill),05068570,East Lake,President,east.lake@eastlakeveterinaryhospital.com,website,annelieseaeria@gmail.com; east.lake@eastlakeveterinaryhospital.com
Trinity River Kayak Co.,https://www.trinityriverkayak.com,OSM (fill),0240929,,,info@trinityriverkayak.com,none,info@trinityriverkayak.com; sales@trinityriverkayak.com
Wylie Independent School District Educational Service Center,https://www.wylieisd.net,OSM (fill),05576122,Local Property,owner,local.property@wylieisd.net,website,2075048@32.9848107; 2075048@32.990492; 2075094@33.0248872; 2075098@32.991249; 2075098@33.0005002; 2075098@33.0024409; 2075098@33.002758; 2075098@33.0032287; 2075098@33.0036959; 2075098@33.0077448; 2075098@33.0095037; 2075098@33.0096563; 2075098@33.016941; 2075098@33.0189441; 2075098@33.0252047; 2075098@33.0300322; 2075098@33.0300541; 2075098@33.031827; 2075098@33.0475215; 2075098@33.0547047; amanda.lannan@wylieisd.net; amanda.martin@wylieisd.net; april.cunningham@wylieisd.net; jessica.branch@wylieisd.net; kim.spicer@wylieisd.net; scott.roderick@wylieisd.net; scott.winn@wylieisd.net; local.property@wylieisd.net
"Texas Car Title and Payday Loan Services, Inc.",https://texascartitleandpaydayloanservicesinc.com/title-loan-locations/tx1015/irving-75062,OSM (fill),05958729,Find Texas,Team Member,find.texas@texascartitleandpaydayloanservicesinc.com,website,webquestions@clacorp.com; find.texas@texascartitleandpaydayloanservicesinc.com
Texas Health Presbyterian Hospital Dallas,https://www.texashealth.org/dallas,OSM (fill),0250326,Fort Worth,CEO,fort@texashealth.org,website,communityhope@texashealth.org; fort@texashealth.org
Cityscape Early Childhood Center,https://www.cityscapeschools.org/earlychildhoodcenter,OSM (fill),0260330,Achieving Academic,Co-Founder,achieving@cityscapeschools.org,website,hr@cityscapeschools.org; communications@cityscapeschools.org; ecccampustours@cityscapeschools.org; enrollment@cityscapeschools.org; publicinforequests@cityscapeschools.org; achieving@cityscapeschools.org
Biblical Community Church,https://www.biblicalcommunity.com,OSM (fill),0260726,,,give@biblicalcommunity.com,none,give@biblicalcommunity.com
SPIARS Engineering,https://www.spiarseng.com,OSM (fill),0250820,Member Chair,CEO,member.chair@spiarseng.com,website,hr@spiarsengineering.com; member.chair@spiarseng.com
Edith and Peter O’Donnell Jr. Athenaeum,https://oda.utdallas.edu,OSM (fill),0241010,Bass Jr,director,bass.jr@oda.utdallas.edu,website,ckim@crowmuseum.org; terryl.han@utdallas.edu; bass.jr@oda.utdallas.edu
Coppell Cozby Library & Community Commons,https://www.coppelltx.gov/184/Cozby-Library-Community-Commons---Old-UR,OSM (fill),0275272,Address Holder,director,address@coppelltx.gov,website,info@coppelltx.gov; library@coppelltx.gov; address@coppelltx.gov
Saint Rita Catholic Church,https://www.stritaparish.net,OSM (fill),075036737,Sacraments Deepen,DIRECTOR,sacraments@stritaparish.net,website,tclark@stritaparish.net; sacraments@stritaparish.net
Little Scholars Academy,https://www.littlescholarsdfw.com,OSM (fill),01000130,,,admin@littlescholarsdfw.com,none,admin@littlescholarsdfw.com
Samuell-Grand Amphitheatre,https://www.shakespearedallas.org,OSM (fill),06647255,Other Ways,Partner,other@shakespearedallas.org,website,info@shakespearedallas.org; development@shakespearedallas.org; other@shakespearedallas.org
Christian Care Center of Mesquite,https://christiancaremesquite.org,OSM (fill),0260629,Administrator Taha,Director,administrator.taha@christiancaremesquite.org,website,bcopeland@cccinc.net; risrael@cccinc.net; administrator.taha@christiancaremesquite.org
Vickery Place Animal Hospital,http://vickeryplaceanimalhospital.com,OSM (fill),0260602,East Dallas,OWNER,east.dallas@vickeryplaceanimalhospital.com,website,cschildt@innovetivepetcare.com; east.dallas@vickeryplaceanimalhospital.com
DOT Compliance Group,https://www.dotcompliancegroup.com,OSM (fill),0260708,Customers Real,owner,customers.real@dotcompliancegroup.com,website,support@dotcompliancegroup.com; customers.real@dotcompliancegroup.com
Cheyenne Medical Lodge,https://cheyenneml.com,OSM (fill),0735903,Albert Kenyanya,Director,albert.kenyanya@cheyenneml.com,website,info@cheyennemedicallodge.com; albert.kenyanya@cheyenneml.com
UT Dallas Community Garden,https://volunteer.utdallas.edu/garden,OSM (fill),0616133407,Events For,cto,events.for@volunteer.utdallas.edu,website,engageutd@utdallas.edu; kavita.nokku@utdallas.edu; lacey.garner@utdallas.edu; patricia.rodriguez2@utdallas.edu; prentice.robins@utdallas.edu; volunteer@utdallas.edu; events.for@volunteer.utdallas.edu
Jesuit Dallas,https://jesuitdallas.org,OSM (fill),0220308,Jesuit Dallas,President,jesuit.dallas@jesuitdallas.org,website,aarmstrong@jesuitcp.org; abinkowski@jesuitcp.org; bjantes@jesuitcp.org; connect@jesuitcp.org; dandrews@jesuitcp.org; dcamera@jesuitcp.org; iberry@jesuitcp.org; jabi-habib@jesuitcp.org; jalexander@jesuitcp.org; jallen@jesuitcp.org; jaquino@jesuitcp.org; jbarger@jesuitcp.org; lbolton@jesuitcp.org; mbatik@jesuitcp.org; nalameel@jesuitcp.org; palva@jesuitcp.org; paskew@jesuitcp.org; rboyle@jesuitcp.org; sarmstrong@jesuitcp.org; sboyle@jesuitcp.org; schoolnurse@jesuitcp.org; studentaffairs@jesuitcp.org; swait@jesuitcp.org; jesuit.dallas@jesuitdallas.org
TWU T. Boone Pickens Institute of Health Sciences,https://twu.edu/dallas,OSM (fill),06756712905085,Blended Nursing,Partner,blended@twu.edu,website,admissions@twu.edu; alumniengagement@twu.edu; gradschool@twu.edu; registrar@twu.edu; servicedesk@twu.edu; srp@twu.edu; twu@bkstr.com; webteam@twu.edu; blended@twu.edu
Hope Cottage,https://www.hopecottage.org,OSM (fill),01740082705781,Impact Stephanie,Chief Executive Officer,impact.stephanie@hopecottage.org,website,info@hopecottage.or; info@hopecottage.org; impact.stephanie@hopecottage.org
Texas Back Institute,https://texasback.com/location/texas-back-institute-rockwall,OSM (fill),0250218,Cheryl Zapata,Chief Executive Officer,cheryl.zapata@texasback.com,website,info@texasback.com; cheryl.zapata@texasback.com
Trinity Basin Preparatory Mesquite,https://mesquite.trinitybasin.com,OSM (fill),0230915,Enrollment Open,CEO,enrollment.open@mesquite.trinitybasin.com,website,arosadorodriguez@trinitybasin.net; mstallworth@trinitybasin.net; enrollment.open@mesquite.trinitybasin.com
Fuel City,https://fuelcity.com,OSM (fill),0205941,Fuel City,Founder,fuel.city@fuelcity.com,website,alpinejs@3.x.x; fuel.city@fuelcity.com
Addison Transit Center,https://www.dart.org/guide/transit-and-use/rail/rail-station-detail/addison-transit-center,OSM (fill),01072305,Chief Audit,Chief Executive Officer,chief@dart.org,website,akramer@dart.org; akurian@dart.org; bdesha@dart.org; ccato@dart.org; cdoucet@dart.org; cholland@dart.org; ckoloc@dart.org; dart-ceo@dart.org; dbrown9@dart.org; djohnson2@dart.org; ehernandez4@dart.org; emyers@dart.org; ggamez@dart.org; jadelman@dart.org; jaleman@dart.org; jfrost@dart.org; jhonor@dart.org; jksmith@dart.org; jmolina1@dart.org; jsalazar@dart.org; kshelton@dart.org; mcollins@dart.org; rmedina-cristobal@dart.org; scatchup@dart.org; tmpierre@dart.org; twalker1@dart.org; twinters@dart.org; chief@dart.org
White Rock Montessori,https://www.whiterockmontessori.org,OSM (fill),07427297,Alumni Families,Partner,alumni@whiterockmontessori.org,website,office@whiterockmontessori.org; admissions@whiterockmontessori.org; brenda@whiterockmontessori.org; connie@whiterockmontessori.org; emily@whiterockmontessori.org; facilities@whiterockmontessori.org; katie@whiterockmontessori.org; melanie@whiterockmontessori.org; mya@whiterockmontessori.org; alumni@whiterockmontessori.org
4DWN,https://4dwn.org,OSM (fill),0260206,Mike Crum,co-founder,mike.crum@4dwn.org,website,info@4dwn.com; andrea@4dwn.com; brian@4dwn.com; cahill@4dwn.com; crum@4dwn.com; elizabeth@4dwn.com; stefani@4dwn.com; mike.crum@4dwn.org
Wylie ER,https://wylieer.com,OSM (fill),0260622,Clinical Operations,Director,clinical.operations@wylieer.com,website,info@nutexhealth.com; werinfo@thecolonyer.com; clinical.operations@wylieer.com
Nexus Family Recovery Center,https://nexusrecovery.org/about,OSM (fill),0260506,Emmanuel Ormand,Chief Executive Officer,emmanuel@nexusrecovery.org,website,arodgers@nexusrecovery.org; avaughn@nexusrecovery.org; cbuckley@nexusrecovery.org; ccollins@nexusrecovery.org; cwoods@nexusrecovery.org; eallen@nexusrecovery.org; eparham@nexusrecovery.org; help@nexusrecovery.org; hormand@nexusrecovery.org; jpittman@nexusrecovery.org; kcasimir@nexusrecovery.org; kmartinez@nexusrecovery.org; knicolas@nexusrecovery.org; koverman@nexusrecovery.org; lfobbs@nexusrecovery.org; nsullivan@nexusrecovery.org; sbrown@nexusrecovery.org; sburns@nexusrecovery.org; sjock@nexusrecovery.org; emmanuel@nexusrecovery.org
Fortis MMA,https://www.fortismma.com,OSM (fill),0732552,Head Coach,Founder,head.coach@fortismma.com,website,fortismma@yahoo.com; head.coach@fortismma.com
White Rock Stables,https://whiterockstables.com,OSM (fill),0250213,Julie Rentfro,partner,julie.rentfro@whiterockstables.com,website,tex@whiterockstables.net; julie.rentfro@whiterockstables.com
"Best IT Companies in Dallas, Texas (2026) | ITCompanies.net | IT ...",https://itcompanies.net/dallas,DuckDuckGo,0170793,Offshore Resources,Partner,offshore.resources@itcompanies.net,website,info@itcompanies.net; offshore.resources@itcompanies.net
Top 10 IT Services Companies in Dallas - Aug 2026 | Ranking ...,https://superbcompanies.com/categories/it-services-companies-in-dallas,DuckDuckGo,0260803,Hardik Shah,CEO,hardik.shah@superbcompanies.com,website,info@iqlance.com; naresh_pawar@persistent.com; hardik.shah@superbcompanies.com
Top IT Services Companies in Dallas | 2026 - DesignRush,https://www.designrush.com/agency/it-services/texas/dallas,DuckDuckGo,0833333333,Mobile App,CEO,mobile@designrush.com,website,info@designrush.com; ildiko@designrush.com; jelena@designrush.com; maria.v@designrush.com; mariana@designrush.com; marketplace@designrush.com; selina@designrush.com; spotlight@designrush.com; mobile@designrush.com
Rosine Smith Sammons Butterfly House and Insectarium,https://txdg.org/butterfly-house-and-insectarium,OSM (fill),0260406,Autumn Sage,ceo,autumn.sage@txdg.org,website,marketing@txdg.org; autumn.sage@txdg.org
Top 25+ Tech Companies In Dallas: Complete List For 2025,https://digitrends.co/blog/top-tech-companies-in-dallas,DuckDuckGo,01520153,Crunch Disrupt,CEO,crunch.disrupt@digitrends.co,website,info@digitrends.co; crunch.disrupt@digitrends.co
Best IT Services Companies in Dallas - 2026 Reviews | Goodfirms,https://www.goodfirms.co/it-services/dallas,DuckDuckGo,0190330,Daniel Chabert,CEO,daniel.chabert@goodfirms.co,website,admin@vtlearn.de; info@bvdash.com; info@goodfirms.co; info@partyhiregroup.com.au; info@simply-crm.com; info@solidperformers.com; support@bubblegroup.com; support@connactz.com; support@flowlu.com; support@myintervals.com; support@rationalplan.com; support@ravetree.com; support@superops.com; support@usemotion.com; support@wokay.com; 123angelinasmith@gmail.com; aditya@openxcell.com; ard1jonker@gmail.com; areeshacrypthon@gmail.com; arthur.lawson747@gmail.com; atlassian@devsamurai.com; care@heycollab.com; davismayor24@gmail.com; dcornell693@gmail.com; elisageorge489@gmail.com; harrykeller4334@gmail.com; idaly83moorelee@gmail.com; imarmashova@gmail.com; isunil.kb@gmail.com; kellyhedouswtr@outlook.com; lukmansantoso7679@gmail.com; manjuri.d18@gmail.com; marknelson0024@gmail.com; me@bradypatterson.ca; nanya@zohocorp.com; pauldriedger42@gmail.com; phantankhiem03@gmail.com; photographertalk@gmail.com; sales@crossconceptinc.com; sos@wegg.it; you@work.com; daniel.chabert@goodfirms.co
Top 20+ IT Companies in Dallas (2026) - TechBehemoths,https://techbehemoths.com/companies/dallas,DuckDuckGo,06138738202271,Aman Mishra,CEO,aman.mishra@techbehemoths.com,website,info@techgropse.com; aman.mishra@techbehemoths.com
